variant,condition,rung,probe_type,n,tp,fp,fn,tn,abstain,parse_fail
FragmentOnly,Qwen    s42 N/C,isolated,supported,100,0,100,0,0,0,0
FragmentOnly,Qwen    s42 N/C,isolated,cross_boundary,100,0,17,0,83,0,0
FragmentOnly,Qwen    s42 N/C,boundary_preserving_topk,supported,100,0,100,0,0,0,0
FragmentOnly,Qwen    s42 N/C,boundary_preserving_topk,cross_boundary,100,0,17,0,83,0,0
FragmentOnly,Qwen    s42 N/C,shared_vector_index,supported,100,0,100,0,0,0,0
FragmentOnly,Qwen    s42 N/C,shared_vector_index,cross_boundary,100,100,0,0,0,0,0
FragmentOnly,Qwen    s42 N/C,summary_merge,supported,100,0,100,0,0,0,0
FragmentOnly,Qwen    s42 N/C,summary_merge,cross_boundary,100,100,0,0,0,0,0
BcesvExact,Qwen    s42 N/C,isolated,supported,100,0,0,0,100,0,0
BcesvExact,Qwen    s42 N/C,isolated,cross_boundary,100,0,0,0,100,0,0
BcesvExact,Qwen    s42 N/C,boundary_preserving_topk,supported,100,0,0,0,100,0,0
BcesvExact,Qwen    s42 N/C,boundary_preserving_topk,cross_boundary,100,0,0,0,100,0,0
BcesvExact,Qwen    s42 N/C,shared_vector_index,supported,100,0,0,0,100,0,0
BcesvExact,Qwen    s42 N/C,shared_vector_index,cross_boundary,100,100,0,0,0,0,0
BcesvExact,Qwen    s42 N/C,summary_merge,supported,100,0,0,0,100,0,0
BcesvExact,Qwen    s42 N/C,summary_merge,cross_boundary,100,100,0,0,0,0,0
BcesvNoisy(10%),Qwen    s42 N/C,isolated,supported,100,0,0,0,100,40,0
BcesvNoisy(10%),Qwen    s42 N/C,isolated,cross_boundary,100,0,0,0,100,7,0
BcesvNoisy(10%),Qwen    s42 N/C,boundary_preserving_topk,supported,100,0,0,0,100,40,0
BcesvNoisy(10%),Qwen    s42 N/C,boundary_preserving_topk,cross_boundary,100,0,0,0,100,7,0
BcesvNoisy(10%),Qwen    s42 N/C,shared_vector_index,supported,100,0,0,0,100,40,0
BcesvNoisy(10%),Qwen    s42 N/C,shared_vector_index,cross_boundary,100,80,0,20,0,20,0
BcesvNoisy(10%),Qwen    s42 N/C,summary_merge,supported,100,0,0,0,100,41,0
BcesvNoisy(10%),Qwen    s42 N/C,summary_merge,cross_boundary,100,84,0,16,0,16,0
BcesvNoisy(20%),Qwen    s42 N/C,isolated,supported,100,0,0,0,100,69,0
BcesvNoisy(20%),Qwen    s42 N/C,isolated,cross_boundary,100,0,0,0,100,13,0
BcesvNoisy(20%),Qwen    s42 N/C,boundary_preserving_topk,supported,100,0,0,0,100,69,0
BcesvNoisy(20%),Qwen    s42 N/C,boundary_preserving_topk,cross_boundary,100,0,0,0,100,13,0
BcesvNoisy(20%),Qwen    s42 N/C,shared_vector_index,supported,100,0,0,0,100,69,0
BcesvNoisy(20%),Qwen    s42 N/C,shared_vector_index,cross_boundary,100,44,0,56,0,56,0
BcesvNoisy(20%),Qwen    s42 N/C,summary_merge,supported,100,0,0,0,100,69,0
BcesvNoisy(20%),Qwen    s42 N/C,summary_merge,cross_boundary,100,51,0,49,0,49,0
BcesvNoisy(30%),Qwen    s42 N/C,isolated,supported,100,0,0,0,100,81,0
BcesvNoisy(30%),Qwen    s42 N/C,isolated,cross_boundary,100,0,0,0,100,26,0
BcesvNoisy(30%),Qwen    s42 N/C,boundary_preserving_topk,supported,100,0,0,0,100,81,0
BcesvNoisy(30%),Qwen    s42 N/C,boundary_preserving_topk,cross_boundary,100,0,0,0,100,26,0
BcesvNoisy(30%),Qwen    s42 N/C,shared_vector_index,supported,100,0,0,0,100,81,0
BcesvNoisy(30%),Qwen    s42 N/C,shared_vector_index,cross_boundary,100,17,0,83,0,83,0
BcesvNoisy(30%),Qwen    s42 N/C,summary_merge,supported,100,0,0,0,100,81,0
BcesvNoisy(30%),Qwen    s42 N/C,summary_merge,cross_boundary,100,23,0,77,0,77,0
BcesvReconstruct,Qwen    s42 N/C,isolated,supported,100,0,0,0,100,0,0
BcesvReconstruct,Qwen    s42 N/C,isolated,cross_boundary,100,0,17,0,83,0,0
BcesvReconstruct,Qwen    s42 N/C,boundary_preserving_topk,supported,100,0,0,0,100,0,0
BcesvReconstruct,Qwen    s42 N/C,boundary_preserving_topk,cross_boundary,100,0,17,0,83,0,0
BcesvReconstruct,Qwen    s42 N/C,shared_vector_index,supported,100,0,0,0,100,0,0
BcesvReconstruct,Qwen    s42 N/C,shared_vector_index,cross_boundary,100,100,0,0,0,0,0
BcesvReconstruct,Qwen    s42 N/C,summary_merge,supported,100,0,0,0,100,0,0
BcesvReconstruct,Qwen    s42 N/C,summary_merge,cross_boundary,100,100,0,0,0,0,0
BcesvRecon[no_tenant],Qwen    s42 N/C,isolated,supported,100,0,0,0,100,0,0
BcesvRecon[no_tenant],Qwen    s42 N/C,isolated,cross_boundary,100,0,17,0,83,0,0
BcesvRecon[no_tenant],Qwen    s42 N/C,boundary_preserving_topk,supported,100,0,0,0,100,0,0
BcesvRecon[no_tenant],Qwen    s42 N/C,boundary_preserving_topk,cross_boundary,100,0,17,0,83,0,0
BcesvRecon[no_tenant],Qwen    s42 N/C,shared_vector_index,supported,100,0,0,0,100,0,0
BcesvRecon[no_tenant],Qwen    s42 N/C,shared_vector_index,cross_boundary,100,100,0,0,0,0,0
BcesvRecon[no_tenant],Qwen    s42 N/C,summary_merge,supported,100,0,0,0,100,0,0
BcesvRecon[no_tenant],Qwen    s42 N/C,summary_merge,cross_boundary,100,100,0,0,0,0,0
BcesvRecon[no_time],Qwen    s42 N/C,isolated,supported,100,0,0,0,100,0,0
BcesvRecon[no_time],Qwen    s42 N/C,isolated,cross_boundary,100,0,17,0,83,0,0
BcesvRecon[no_time],Qwen    s42 N/C,boundary_preserving_topk,supported,100,0,0,0,100,0,0
BcesvRecon[no_time],Qwen    s42 N/C,boundary_preserving_topk,cross_boundary,100,0,17,0,83,0,0
BcesvRecon[no_time],Qwen    s42 N/C,shared_vector_index,supported,100,0,0,0,100,0,0
BcesvRecon[no_time],Qwen    s42 N/C,shared_vector_index,cross_boundary,100,100,0,0,0,0,0
BcesvRecon[no_time],Qwen    s42 N/C,summary_merge,supported,100,0,0,0,100,0,0
BcesvRecon[no_time],Qwen    s42 N/C,summary_merge,cross_boundary,100,100,0,0,0,0,0
BcesvRecon[no_entity],Qwen    s42 N/C,isolated,supported,100,0,0,0,100,0,0
BcesvRecon[no_entity],Qwen    s42 N/C,isolated,cross_boundary,100,0,17,0,83,0,0
BcesvRecon[no_entity],Qwen    s42 N/C,boundary_preserving_topk,supported,100,0,0,0,100,0,0
BcesvRecon[no_entity],Qwen    s42 N/C,boundary_preserving_topk,cross_boundary,100,0,17,0,83,0,0
BcesvRecon[no_entity],Qwen    s42 N/C,shared_vector_index,supported,100,0,0,0,100,0,0
BcesvRecon[no_entity],Qwen    s42 N/C,shared_vector_index,cross_boundary,100,100,0,0,0,0,0
BcesvRecon[no_entity],Qwen    s42 N/C,summary_merge,supported,100,0,0,0,100,0,0
BcesvRecon[no_entity],Qwen    s42 N/C,summary_merge,cross_boundary,100,100,0,0,0,0,0
BcesvRecon[no_logsrc],Qwen    s42 N/C,isolated,supported,100,0,0,0,100,0,0
BcesvRecon[no_logsrc],Qwen    s42 N/C,isolated,cross_boundary,100,0,17,0,83,0,0
BcesvRecon[no_logsrc],Qwen    s42 N/C,boundary_preserving_topk,supported,100,0,0,0,100,0,0
BcesvRecon[no_logsrc],Qwen    s42 N/C,boundary_preserving_topk,cross_boundary,100,0,17,0,83,0,0
BcesvRecon[no_logsrc],Qwen    s42 N/C,shared_vector_index,supported,100,0,0,0,100,0,0
BcesvRecon[no_logsrc],Qwen    s42 N/C,shared_vector_index,cross_boundary,100,100,0,0,0,0,0
BcesvRecon[no_logsrc],Qwen    s42 N/C,summary_merge,supported,100,0,0,0,100,0,0
BcesvRecon[no_logsrc],Qwen    s42 N/C,summary_merge,cross_boundary,100,100,0,0,0,0,0
BcesvRecon[no_template],Qwen    s42 N/C,isolated,supported,100,0,0,0,100,0,0
BcesvRecon[no_template],Qwen    s42 N/C,isolated,cross_boundary,100,0,17,0,83,0,0
BcesvRecon[no_template],Qwen    s42 N/C,boundary_preserving_topk,supported,100,0,0,0,100,0,0
BcesvRecon[no_template],Qwen    s42 N/C,boundary_preserving_topk,cross_boundary,100,0,17,0,83,0,0
BcesvRecon[no_template],Qwen    s42 N/C,shared_vector_index,supported,100,0,0,0,100,0,0
BcesvRecon[no_template],Qwen    s42 N/C,shared_vector_index,cross_boundary,100,100,0,0,0,0,0
BcesvRecon[no_template],Qwen    s42 N/C,summary_merge,supported,100,0,0,0,100,0,0
BcesvRecon[no_template],Qwen    s42 N/C,summary_merge,cross_boundary,100,100,0,0,0,0,0
FragmentOnly,Qwen    s42 C/C,isolated,supported,100,0,100,0,0,0,0
FragmentOnly,Qwen    s42 C/C,isolated,cross_boundary,100,0,17,0,82,0,1
FragmentOnly,Qwen    s42 C/C,boundary_preserving_topk,supported,100,0,100,0,0,0,0
FragmentOnly,Qwen    s42 C/C,boundary_preserving_topk,cross_boundary,100,0,17,0,83,0,0
FragmentOnly,Qwen    s42 C/C,shared_vector_index,supported,100,0,100,0,0,0,0
FragmentOnly,Qwen    s42 C/C,shared_vector_index,cross_boundary,100,99,0,0,1,1,0
FragmentOnly,Qwen    s42 C/C,summary_merge,supported,100,0,100,0,0,0,0
FragmentOnly,Qwen    s42 C/C,summary_merge,cross_boundary,100,98,0,0,2,2,0
BcesvExact,Qwen    s42 C/C,isolated,supported,100,0,0,0,100,0,0
BcesvExact,Qwen    s42 C/C,isolated,cross_boundary,100,0,0,0,99,0,1
BcesvExact,Qwen    s42 C/C,boundary_preserving_topk,supported,100,0,0,0,100,0,0
BcesvExact,Qwen    s42 C/C,boundary_preserving_topk,cross_boundary,100,0,0,0,100,0,0
BcesvExact,Qwen    s42 C/C,shared_vector_index,supported,100,0,0,0,100,0,0
BcesvExact,Qwen    s42 C/C,shared_vector_index,cross_boundary,100,99,0,0,1,1,0
BcesvExact,Qwen    s42 C/C,summary_merge,supported,100,0,0,0,100,0,0
BcesvExact,Qwen    s42 C/C,summary_merge,cross_boundary,100,98,0,0,2,2,0
BcesvNoisy(10%),Qwen    s42 C/C,isolated,supported,100,0,0,0,100,41,0
BcesvNoisy(10%),Qwen    s42 C/C,isolated,cross_boundary,100,0,0,0,99,7,1
BcesvNoisy(10%),Qwen    s42 C/C,boundary_preserving_topk,supported,100,0,0,0,100,41,0
BcesvNoisy(10%),Qwen    s42 C/C,boundary_preserving_topk,cross_boundary,100,0,0,0,100,7,0
BcesvNoisy(10%),Qwen    s42 C/C,shared_vector_index,supported,100,0,0,0,100,41,0
BcesvNoisy(10%),Qwen    s42 C/C,shared_vector_index,cross_boundary,100,79,0,20,1,21,0
BcesvNoisy(10%),Qwen    s42 C/C,summary_merge,supported,100,0,0,0,100,40,0
BcesvNoisy(10%),Qwen    s42 C/C,summary_merge,cross_boundary,100,81,0,17,2,19,0
BcesvNoisy(20%),Qwen    s42 C/C,isolated,supported,100,0,0,0,100,69,0
BcesvNoisy(20%),Qwen    s42 C/C,isolated,cross_boundary,100,0,0,0,99,13,1
BcesvNoisy(20%),Qwen    s42 C/C,boundary_preserving_topk,supported,100,0,0,0,100,69,0
BcesvNoisy(20%),Qwen    s42 C/C,boundary_preserving_topk,cross_boundary,100,0,0,0,100,13,0
BcesvNoisy(20%),Qwen    s42 C/C,shared_vector_index,supported,100,0,0,0,100,69,0
BcesvNoisy(20%),Qwen    s42 C/C,shared_vector_index,cross_boundary,100,42,0,57,1,58,0
BcesvNoisy(20%),Qwen    s42 C/C,summary_merge,supported,100,0,0,0,100,69,0
BcesvNoisy(20%),Qwen    s42 C/C,summary_merge,cross_boundary,100,49,0,49,2,51,0
BcesvNoisy(30%),Qwen    s42 C/C,isolated,supported,100,0,0,0,100,81,0
BcesvNoisy(30%),Qwen    s42 C/C,isolated,cross_boundary,100,0,0,0,99,26,1
BcesvNoisy(30%),Qwen    s42 C/C,boundary_preserving_topk,supported,100,0,0,0,100,81,0
BcesvNoisy(30%),Qwen    s42 C/C,boundary_preserving_topk,cross_boundary,100,0,0,0,100,26,0
BcesvNoisy(30%),Qwen    s42 C/C,shared_vector_index,supported,100,0,0,0,100,81,0
BcesvNoisy(30%),Qwen    s42 C/C,shared_vector_index,cross_boundary,100,16,0,83,1,84,0
BcesvNoisy(30%),Qwen    s42 C/C,summary_merge,supported,100,0,0,0,100,81,0
BcesvNoisy(30%),Qwen    s42 C/C,summary_merge,cross_boundary,100,19,0,79,2,81,0
BcesvReconstruct,Qwen    s42 C/C,isolated,supported,100,0,0,0,100,0,0
BcesvReconstruct,Qwen    s42 C/C,isolated,cross_boundary,100,0,17,0,82,0,1
BcesvReconstruct,Qwen    s42 C/C,boundary_preserving_topk,supported,100,0,0,0,100,0,0
BcesvReconstruct,Qwen    s42 C/C,boundary_preserving_topk,cross_boundary,100,0,17,0,83,0,0
BcesvReconstruct,Qwen    s42 C/C,shared_vector_index,supported,100,0,0,0,100,0,0
BcesvReconstruct,Qwen    s42 C/C,shared_vector_index,cross_boundary,100,99,0,0,1,1,0
BcesvReconstruct,Qwen    s42 C/C,summary_merge,supported,100,0,0,0,100,0,0
BcesvReconstruct,Qwen    s42 C/C,summary_merge,cross_boundary,100,98,0,0,2,2,0
BcesvRecon[no_tenant],Qwen    s42 C/C,isolated,supported,100,0,0,0,100,0,0
BcesvRecon[no_tenant],Qwen    s42 C/C,isolated,cross_boundary,100,0,17,0,82,0,1
BcesvRecon[no_tenant],Qwen    s42 C/C,boundary_preserving_topk,supported,100,0,0,0,100,0,0
BcesvRecon[no_tenant],Qwen    s42 C/C,boundary_preserving_topk,cross_boundary,100,0,17,0,83,0,0
BcesvRecon[no_tenant],Qwen    s42 C/C,shared_vector_index,supported,100,0,0,0,100,0,0
BcesvRecon[no_tenant],Qwen    s42 C/C,shared_vector_index,cross_boundary,100,99,0,0,1,1,0
BcesvRecon[no_tenant],Qwen    s42 C/C,summary_merge,supported,100,0,0,0,100,0,0
BcesvRecon[no_tenant],Qwen    s42 C/C,summary_merge,cross_boundary,100,98,0,0,2,2,0
BcesvRecon[no_time],Qwen    s42 C/C,isolated,supported,100,0,0,0,100,0,0
BcesvRecon[no_time],Qwen    s42 C/C,isolated,cross_boundary,100,0,17,0,82,0,1
BcesvRecon[no_time],Qwen    s42 C/C,boundary_preserving_topk,supported,100,0,0,0,100,0,0
BcesvRecon[no_time],Qwen    s42 C/C,boundary_preserving_topk,cross_boundary,100,0,17,0,83,0,0
BcesvRecon[no_time],Qwen    s42 C/C,shared_vector_index,supported,100,0,0,0,100,0,0
BcesvRecon[no_time],Qwen    s42 C/C,shared_vector_index,cross_boundary,100,99,0,0,1,1,0
BcesvRecon[no_time],Qwen    s42 C/C,summary_merge,supported,100,0,0,0,100,0,0
BcesvRecon[no_time],Qwen    s42 C/C,summary_merge,cross_boundary,100,98,0,0,2,2,0
BcesvRecon[no_entity],Qwen    s42 C/C,isolated,supported,100,0,0,0,100,0,0
BcesvRecon[no_entity],Qwen    s42 C/C,isolated,cross_boundary,100,0,17,0,82,0,1
BcesvRecon[no_entity],Qwen    s42 C/C,boundary_preserving_topk,supported,100,0,0,0,100,0,0
BcesvRecon[no_entity],Qwen    s42 C/C,boundary_preserving_topk,cross_boundary,100,0,17,0,83,0,0
BcesvRecon[no_entity],Qwen    s42 C/C,shared_vector_index,supported,100,0,0,0,100,0,0
BcesvRecon[no_entity],Qwen    s42 C/C,shared_vector_index,cross_boundary,100,99,0,0,1,1,0
BcesvRecon[no_entity],Qwen    s42 C/C,summary_merge,supported,100,0,0,0,100,0,0
BcesvRecon[no_entity],Qwen    s42 C/C,summary_merge,cross_boundary,100,98,0,0,2,2,0
BcesvRecon[no_logsrc],Qwen    s42 C/C,isolated,supported,100,0,0,0,100,0,0
BcesvRecon[no_logsrc],Qwen    s42 C/C,isolated,cross_boundary,100,0,17,0,82,0,1
BcesvRecon[no_logsrc],Qwen    s42 C/C,boundary_preserving_topk,supported,100,0,0,0,100,0,0
BcesvRecon[no_logsrc],Qwen    s42 C/C,boundary_preserving_topk,cross_boundary,100,0,17,0,83,0,0
BcesvRecon[no_logsrc],Qwen    s42 C/C,shared_vector_index,supported,100,0,0,0,100,0,0
BcesvRecon[no_logsrc],Qwen    s42 C/C,shared_vector_index,cross_boundary,100,99,0,0,1,1,0
BcesvRecon[no_logsrc],Qwen    s42 C/C,summary_merge,supported,100,0,0,0,100,0,0
BcesvRecon[no_logsrc],Qwen    s42 C/C,summary_merge,cross_boundary,100,98,0,0,2,2,0
BcesvRecon[no_template],Qwen    s42 C/C,isolated,supported,100,0,0,0,100,0,0
BcesvRecon[no_template],Qwen    s42 C/C,isolated,cross_boundary,100,0,17,0,82,0,1
BcesvRecon[no_template],Qwen    s42 C/C,boundary_preserving_topk,supported,100,0,0,0,100,0,0
BcesvRecon[no_template],Qwen    s42 C/C,boundary_preserving_topk,cross_boundary,100,0,17,0,83,0,0
BcesvRecon[no_template],Qwen    s42 C/C,shared_vector_index,supported,100,0,0,0,100,0,0
BcesvRecon[no_template],Qwen    s42 C/C,shared_vector_index,cross_boundary,100,99,0,0,1,1,0
BcesvRecon[no_template],Qwen    s42 C/C,summary_merge,supported,100,0,0,0,100,0,0
BcesvRecon[no_template],Qwen    s42 C/C,summary_merge,cross_boundary,100,98,0,0,2,2,0
FragmentOnly,Qwen    s42 N/P,isolated,supported,100,0,100,0,0,0,0
FragmentOnly,Qwen    s42 N/P,isolated,cross_boundary,100,0,17,0,83,0,0
FragmentOnly,Qwen    s42 N/P,boundary_preserving_topk,supported,100,0,100,0,0,0,0
FragmentOnly,Qwen    s42 N/P,boundary_preserving_topk,cross_boundary,100,0,17,0,83,0,0
FragmentOnly,Qwen    s42 N/P,shared_vector_index,supported,100,0,100,0,0,0,0
FragmentOnly,Qwen    s42 N/P,shared_vector_index,cross_boundary,100,100,0,0,0,0,0
FragmentOnly,Qwen    s42 N/P,summary_merge,supported,100,0,100,0,0,0,0
FragmentOnly,Qwen    s42 N/P,summary_merge,cross_boundary,100,99,0,0,1,0,0
BcesvExact,Qwen    s42 N/P,isolated,supported,100,0,0,0,100,0,0
BcesvExact,Qwen    s42 N/P,isolated,cross_boundary,100,0,0,0,100,0,0
BcesvExact,Qwen    s42 N/P,boundary_preserving_topk,supported,100,0,0,0,100,0,0
BcesvExact,Qwen    s42 N/P,boundary_preserving_topk,cross_boundary,100,0,0,0,100,0,0
BcesvExact,Qwen    s42 N/P,shared_vector_index,supported,100,0,0,0,100,0,0
BcesvExact,Qwen    s42 N/P,shared_vector_index,cross_boundary,100,100,0,0,0,0,0
BcesvExact,Qwen    s42 N/P,summary_merge,supported,100,0,0,0,100,0,0
BcesvExact,Qwen    s42 N/P,summary_merge,cross_boundary,100,99,0,0,1,0,0
BcesvNoisy(10%),Qwen    s42 N/P,isolated,supported,100,0,0,0,100,40,0
BcesvNoisy(10%),Qwen    s42 N/P,isolated,cross_boundary,100,0,0,0,100,7,0
BcesvNoisy(10%),Qwen    s42 N/P,boundary_preserving_topk,supported,100,0,0,0,100,40,0
BcesvNoisy(10%),Qwen    s42 N/P,boundary_preserving_topk,cross_boundary,100,0,0,0,100,7,0
BcesvNoisy(10%),Qwen    s42 N/P,shared_vector_index,supported,100,0,0,0,100,40,0
BcesvNoisy(10%),Qwen    s42 N/P,shared_vector_index,cross_boundary,100,80,0,20,0,20,0
BcesvNoisy(10%),Qwen    s42 N/P,summary_merge,supported,100,0,0,0,100,41,0
BcesvNoisy(10%),Qwen    s42 N/P,summary_merge,cross_boundary,100,83,0,16,1,16,0
BcesvNoisy(20%),Qwen    s42 N/P,isolated,supported,100,0,0,0,100,69,0
BcesvNoisy(20%),Qwen    s42 N/P,isolated,cross_boundary,100,0,0,0,100,13,0
BcesvNoisy(20%),Qwen    s42 N/P,boundary_preserving_topk,supported,100,0,0,0,100,69,0
BcesvNoisy(20%),Qwen    s42 N/P,boundary_preserving_topk,cross_boundary,100,0,0,0,100,13,0
BcesvNoisy(20%),Qwen    s42 N/P,shared_vector_index,supported,100,0,0,0,100,69,0
BcesvNoisy(20%),Qwen    s42 N/P,shared_vector_index,cross_boundary,100,44,0,56,0,56,0
BcesvNoisy(20%),Qwen    s42 N/P,summary_merge,supported,100,0,0,0,100,69,0
BcesvNoisy(20%),Qwen    s42 N/P,summary_merge,cross_boundary,100,51,0,48,1,48,0
BcesvNoisy(30%),Qwen    s42 N/P,isolated,supported,100,0,0,0,100,81,0
BcesvNoisy(30%),Qwen    s42 N/P,isolated,cross_boundary,100,0,0,0,100,26,0
BcesvNoisy(30%),Qwen    s42 N/P,boundary_preserving_topk,supported,100,0,0,0,100,81,0
BcesvNoisy(30%),Qwen    s42 N/P,boundary_preserving_topk,cross_boundary,100,0,0,0,100,26,0
BcesvNoisy(30%),Qwen    s42 N/P,shared_vector_index,supported,100,0,0,0,100,81,0
BcesvNoisy(30%),Qwen    s42 N/P,shared_vector_index,cross_boundary,100,16,0,84,0,84,0
BcesvNoisy(30%),Qwen    s42 N/P,summary_merge,supported,100,0,0,0,100,81,0
BcesvNoisy(30%),Qwen    s42 N/P,summary_merge,cross_boundary,100,27,0,72,1,72,0
BcesvReconstruct,Qwen    s42 N/P,isolated,supported,100,0,0,0,100,0,0
BcesvReconstruct,Qwen    s42 N/P,isolated,cross_boundary,100,0,17,0,83,0,0
BcesvReconstruct,Qwen    s42 N/P,boundary_preserving_topk,supported,100,0,0,0,100,0,0
BcesvReconstruct,Qwen    s42 N/P,boundary_preserving_topk,cross_boundary,100,0,17,0,83,0,0
BcesvReconstruct,Qwen    s42 N/P,shared_vector_index,supported,100,0,0,0,100,0,0
BcesvReconstruct,Qwen    s42 N/P,shared_vector_index,cross_boundary,100,100,0,0,0,0,0
BcesvReconstruct,Qwen    s42 N/P,summary_merge,supported,100,0,0,0,100,0,0
BcesvReconstruct,Qwen    s42 N/P,summary_merge,cross_boundary,100,99,0,0,1,0,0
BcesvRecon[no_tenant],Qwen    s42 N/P,isolated,supported,100,0,0,0,100,0,0
BcesvRecon[no_tenant],Qwen    s42 N/P,isolated,cross_boundary,100,0,17,0,83,0,0
BcesvRecon[no_tenant],Qwen    s42 N/P,boundary_preserving_topk,supported,100,0,0,0,100,0,0
BcesvRecon[no_tenant],Qwen    s42 N/P,boundary_preserving_topk,cross_boundary,100,0,17,0,83,0,0
BcesvRecon[no_tenant],Qwen    s42 N/P,shared_vector_index,supported,100,0,0,0,100,0,0
BcesvRecon[no_tenant],Qwen    s42 N/P,shared_vector_index,cross_boundary,100,100,0,0,0,0,0
BcesvRecon[no_tenant],Qwen    s42 N/P,summary_merge,supported,100,0,0,0,100,0,0
BcesvRecon[no_tenant],Qwen    s42 N/P,summary_merge,cross_boundary,100,99,0,0,1,0,0
BcesvRecon[no_time],Qwen    s42 N/P,isolated,supported,100,0,0,0,100,0,0
BcesvRecon[no_time],Qwen    s42 N/P,isolated,cross_boundary,100,0,17,0,83,0,0
BcesvRecon[no_time],Qwen    s42 N/P,boundary_preserving_topk,supported,100,0,0,0,100,0,0
BcesvRecon[no_time],Qwen    s42 N/P,boundary_preserving_topk,cross_boundary,100,0,17,0,83,0,0
BcesvRecon[no_time],Qwen    s42 N/P,shared_vector_index,supported,100,0,0,0,100,0,0
BcesvRecon[no_time],Qwen    s42 N/P,shared_vector_index,cross_boundary,100,100,0,0,0,0,0
BcesvRecon[no_time],Qwen    s42 N/P,summary_merge,supported,100,0,0,0,100,0,0
BcesvRecon[no_time],Qwen    s42 N/P,summary_merge,cross_boundary,100,99,0,0,1,0,0
BcesvRecon[no_entity],Qwen    s42 N/P,isolated,supported,100,0,0,0,100,0,0
BcesvRecon[no_entity],Qwen    s42 N/P,isolated,cross_boundary,100,0,17,0,83,0,0
BcesvRecon[no_entity],Qwen    s42 N/P,boundary_preserving_topk,supported,100,0,0,0,100,0,0
BcesvRecon[no_entity],Qwen    s42 N/P,boundary_preserving_topk,cross_boundary,100,0,17,0,83,0,0
BcesvRecon[no_entity],Qwen    s42 N/P,shared_vector_index,supported,100,0,0,0,100,0,0
BcesvRecon[no_entity],Qwen    s42 N/P,shared_vector_index,cross_boundary,100,100,0,0,0,0,0
BcesvRecon[no_entity],Qwen    s42 N/P,summary_merge,supported,100,0,0,0,100,0,0
BcesvRecon[no_entity],Qwen    s42 N/P,summary_merge,cross_boundary,100,99,0,0,1,0,0
BcesvRecon[no_logsrc],Qwen    s42 N/P,isolated,supported,100,0,0,0,100,0,0
BcesvRecon[no_logsrc],Qwen    s42 N/P,isolated,cross_boundary,100,0,17,0,83,0,0
BcesvRecon[no_logsrc],Qwen    s42 N/P,boundary_preserving_topk,supported,100,0,0,0,100,0,0
BcesvRecon[no_logsrc],Qwen    s42 N/P,boundary_preserving_topk,cross_boundary,100,0,17,0,83,0,0
BcesvRecon[no_logsrc],Qwen    s42 N/P,shared_vector_index,supported,100,0,0,0,100,0,0
BcesvRecon[no_logsrc],Qwen    s42 N/P,shared_vector_index,cross_boundary,100,100,0,0,0,0,0
BcesvRecon[no_logsrc],Qwen    s42 N/P,summary_merge,supported,100,0,0,0,100,0,0
BcesvRecon[no_logsrc],Qwen    s42 N/P,summary_merge,cross_boundary,100,99,0,0,1,0,0
BcesvRecon[no_template],Qwen    s42 N/P,isolated,supported,100,0,0,0,100,0,0
BcesvRecon[no_template],Qwen    s42 N/P,isolated,cross_boundary,100,0,17,0,83,0,0
BcesvRecon[no_template],Qwen    s42 N/P,boundary_preserving_topk,supported,100,0,0,0,100,0,0
BcesvRecon[no_template],Qwen    s42 N/P,boundary_preserving_topk,cross_boundary,100,0,17,0,83,0,0
BcesvRecon[no_template],Qwen    s42 N/P,shared_vector_index,supported,100,0,0,0,100,0,0
BcesvRecon[no_template],Qwen    s42 N/P,shared_vector_index,cross_boundary,100,100,0,0,0,0,0
BcesvRecon[no_template],Qwen    s42 N/P,summary_merge,supported,100,0,0,0,100,0,0
BcesvRecon[no_template],Qwen    s42 N/P,summary_merge,cross_boundary,100,99,0,0,1,0,0
FragmentOnly,Qwen    s42 C/P,isolated,supported,100,0,100,0,0,0,0
FragmentOnly,Qwen    s42 C/P,isolated,cross_boundary,100,0,17,0,83,0,0
FragmentOnly,Qwen    s42 C/P,boundary_preserving_topk,supported,100,0,100,0,0,0,0
FragmentOnly,Qwen    s42 C/P,boundary_preserving_topk,cross_boundary,100,0,17,0,83,0,0
FragmentOnly,Qwen    s42 C/P,shared_vector_index,supported,100,0,100,0,0,0,0
FragmentOnly,Qwen    s42 C/P,shared_vector_index,cross_boundary,100,98,0,0,2,2,0
FragmentOnly,Qwen    s42 C/P,summary_merge,supported,100,0,100,0,0,0,0
FragmentOnly,Qwen    s42 C/P,summary_merge,cross_boundary,100,97,0,0,3,2,0
BcesvExact,Qwen    s42 C/P,isolated,supported,100,0,0,0,100,0,0
BcesvExact,Qwen    s42 C/P,isolated,cross_boundary,100,0,0,0,100,0,0
BcesvExact,Qwen    s42 C/P,boundary_preserving_topk,supported,100,0,0,0,100,0,0
BcesvExact,Qwen    s42 C/P,boundary_preserving_topk,cross_boundary,100,0,0,0,100,0,0
BcesvExact,Qwen    s42 C/P,shared_vector_index,supported,100,0,0,0,100,0,0
BcesvExact,Qwen    s42 C/P,shared_vector_index,cross_boundary,100,98,0,0,2,2,0
BcesvExact,Qwen    s42 C/P,summary_merge,supported,100,0,0,0,100,0,0
BcesvExact,Qwen    s42 C/P,summary_merge,cross_boundary,100,97,0,0,3,2,0
BcesvNoisy(10%),Qwen    s42 C/P,isolated,supported,100,0,0,0,100,41,0
BcesvNoisy(10%),Qwen    s42 C/P,isolated,cross_boundary,100,0,0,0,100,7,0
BcesvNoisy(10%),Qwen    s42 C/P,boundary_preserving_topk,supported,100,0,0,0,100,41,0
BcesvNoisy(10%),Qwen    s42 C/P,boundary_preserving_topk,cross_boundary,100,0,0,0,100,7,0
BcesvNoisy(10%),Qwen    s42 C/P,shared_vector_index,supported,100,0,0,0,100,41,0
BcesvNoisy(10%),Qwen    s42 C/P,shared_vector_index,cross_boundary,100,78,0,20,2,22,0
BcesvNoisy(10%),Qwen    s42 C/P,summary_merge,supported,100,0,0,0,100,41,0
BcesvNoisy(10%),Qwen    s42 C/P,summary_merge,cross_boundary,100,80,0,17,3,19,0
BcesvNoisy(20%),Qwen    s42 C/P,isolated,supported,100,0,0,0,100,69,0
BcesvNoisy(20%),Qwen    s42 C/P,isolated,cross_boundary,100,0,0,0,100,13,0
BcesvNoisy(20%),Qwen    s42 C/P,boundary_preserving_topk,supported,100,0,0,0,100,69,0
BcesvNoisy(20%),Qwen    s42 C/P,boundary_preserving_topk,cross_boundary,100,0,0,0,100,13,0
BcesvNoisy(20%),Qwen    s42 C/P,shared_vector_index,supported,100,0,0,0,100,69,0
BcesvNoisy(20%),Qwen    s42 C/P,shared_vector_index,cross_boundary,100,41,0,57,2,59,0
BcesvNoisy(20%),Qwen    s42 C/P,summary_merge,supported,100,0,0,0,100,69,0
BcesvNoisy(20%),Qwen    s42 C/P,summary_merge,cross_boundary,100,51,0,46,3,48,0
BcesvNoisy(30%),Qwen    s42 C/P,isolated,supported,100,0,0,0,100,81,0
BcesvNoisy(30%),Qwen    s42 C/P,isolated,cross_boundary,100,0,0,0,100,26,0
BcesvNoisy(30%),Qwen    s42 C/P,boundary_preserving_topk,supported,100,0,0,0,100,81,0
BcesvNoisy(30%),Qwen    s42 C/P,boundary_preserving_topk,cross_boundary,100,0,0,0,100,26,0
BcesvNoisy(30%),Qwen    s42 C/P,shared_vector_index,supported,100,0,0,0,100,81,0
BcesvNoisy(30%),Qwen    s42 C/P,shared_vector_index,cross_boundary,100,14,0,84,2,86,0
BcesvNoisy(30%),Qwen    s42 C/P,summary_merge,supported,100,0,0,0,100,81,0
BcesvNoisy(30%),Qwen    s42 C/P,summary_merge,cross_boundary,100,25,0,72,3,74,0
BcesvReconstruct,Qwen    s42 C/P,isolated,supported,100,0,0,0,100,0,0
BcesvReconstruct,Qwen    s42 C/P,isolated,cross_boundary,100,0,17,0,83,0,0
BcesvReconstruct,Qwen    s42 C/P,boundary_preserving_topk,supported,100,0,0,0,100,0,0
BcesvReconstruct,Qwen    s42 C/P,boundary_preserving_topk,cross_boundary,100,0,17,0,83,0,0
BcesvReconstruct,Qwen    s42 C/P,shared_vector_index,supported,100,0,0,0,100,0,0
BcesvReconstruct,Qwen    s42 C/P,shared_vector_index,cross_boundary,100,98,0,0,2,2,0
BcesvReconstruct,Qwen    s42 C/P,summary_merge,supported,100,0,0,0,100,0,0
BcesvReconstruct,Qwen    s42 C/P,summary_merge,cross_boundary,100,97,0,0,3,2,0
BcesvRecon[no_tenant],Qwen    s42 C/P,isolated,supported,100,0,0,0,100,0,0
BcesvRecon[no_tenant],Qwen    s42 C/P,isolated,cross_boundary,100,0,17,0,83,0,0
BcesvRecon[no_tenant],Qwen    s42 C/P,boundary_preserving_topk,supported,100,0,0,0,100,0,0
BcesvRecon[no_tenant],Qwen    s42 C/P,boundary_preserving_topk,cross_boundary,100,0,17,0,83,0,0
BcesvRecon[no_tenant],Qwen    s42 C/P,shared_vector_index,supported,100,0,0,0,100,0,0
BcesvRecon[no_tenant],Qwen    s42 C/P,shared_vector_index,cross_boundary,100,98,0,0,2,2,0
BcesvRecon[no_tenant],Qwen    s42 C/P,summary_merge,supported,100,0,0,0,100,0,0
BcesvRecon[no_tenant],Qwen    s42 C/P,summary_merge,cross_boundary,100,97,0,0,3,2,0
BcesvRecon[no_time],Qwen    s42 C/P,isolated,supported,100,0,0,0,100,0,0
BcesvRecon[no_time],Qwen    s42 C/P,isolated,cross_boundary,100,0,17,0,83,0,0
BcesvRecon[no_time],Qwen    s42 C/P,boundary_preserving_topk,supported,100,0,0,0,100,0,0
BcesvRecon[no_time],Qwen    s42 C/P,boundary_preserving_topk,cross_boundary,100,0,17,0,83,0,0
BcesvRecon[no_time],Qwen    s42 C/P,shared_vector_index,supported,100,0,0,0,100,0,0
BcesvRecon[no_time],Qwen    s42 C/P,shared_vector_index,cross_boundary,100,98,0,0,2,2,0
BcesvRecon[no_time],Qwen    s42 C/P,summary_merge,supported,100,0,0,0,100,0,0
BcesvRecon[no_time],Qwen    s42 C/P,summary_merge,cross_boundary,100,97,0,0,3,2,0
BcesvRecon[no_entity],Qwen    s42 C/P,isolated,supported,100,0,0,0,100,0,0
BcesvRecon[no_entity],Qwen    s42 C/P,isolated,cross_boundary,100,0,17,0,83,0,0
BcesvRecon[no_entity],Qwen    s42 C/P,boundary_preserving_topk,supported,100,0,0,0,100,0,0
BcesvRecon[no_entity],Qwen    s42 C/P,boundary_preserving_topk,cross_boundary,100,0,17,0,83,0,0
BcesvRecon[no_entity],Qwen    s42 C/P,shared_vector_index,supported,100,0,0,0,100,0,0
BcesvRecon[no_entity],Qwen    s42 C/P,shared_vector_index,cross_boundary,100,98,0,0,2,2,0
BcesvRecon[no_entity],Qwen    s42 C/P,summary_merge,supported,100,0,0,0,100,0,0
BcesvRecon[no_entity],Qwen    s42 C/P,summary_merge,cross_boundary,100,97,0,0,3,2,0
BcesvRecon[no_logsrc],Qwen    s42 C/P,isolated,supported,100,0,0,0,100,0,0
BcesvRecon[no_logsrc],Qwen    s42 C/P,isolated,cross_boundary,100,0,17,0,83,0,0
BcesvRecon[no_logsrc],Qwen    s42 C/P,boundary_preserving_topk,supported,100,0,0,0,100,0,0
BcesvRecon[no_logsrc],Qwen    s42 C/P,boundary_preserving_topk,cross_boundary,100,0,17,0,83,0,0
BcesvRecon[no_logsrc],Qwen    s42 C/P,shared_vector_index,supported,100,0,0,0,100,0,0
BcesvRecon[no_logsrc],Qwen    s42 C/P,shared_vector_index,cross_boundary,100,98,0,0,2,2,0
BcesvRecon[no_logsrc],Qwen    s42 C/P,summary_merge,supported,100,0,0,0,100,0,0
BcesvRecon[no_logsrc],Qwen    s42 C/P,summary_merge,cross_boundary,100,97,0,0,3,2,0
BcesvRecon[no_template],Qwen    s42 C/P,isolated,supported,100,0,0,0,100,0,0
BcesvRecon[no_template],Qwen    s42 C/P,isolated,cross_boundary,100,0,17,0,83,0,0
BcesvRecon[no_template],Qwen    s42 C/P,boundary_preserving_topk,supported,100,0,0,0,100,0,0
BcesvRecon[no_template],Qwen    s42 C/P,boundary_preserving_topk,cross_boundary,100,0,17,0,83,0,0
BcesvRecon[no_template],Qwen    s42 C/P,shared_vector_index,supported,100,0,0,0,100,0,0
BcesvRecon[no_template],Qwen    s42 C/P,shared_vector_index,cross_boundary,100,98,0,0,2,2,0
BcesvRecon[no_template],Qwen    s42 C/P,summary_merge,supported,100,0,0,0,100,0,0
BcesvRecon[no_template],Qwen    s42 C/P,summary_merge,cross_boundary,100,97,0,0,3,2,0
FragmentOnly,Qwen    s43 N/C,isolated,supported,100,0,100,0,0,0,0
FragmentOnly,Qwen    s43 N/C,isolated,cross_boundary,100,0,46,0,54,0,0
FragmentOnly,Qwen    s43 N/C,boundary_preserving_topk,supported,100,0,100,0,0,0,0
FragmentOnly,Qwen    s43 N/C,boundary_preserving_topk,cross_boundary,100,0,46,0,54,0,0
FragmentOnly,Qwen    s43 N/C,shared_vector_index,supported,100,0,100,0,0,0,0
FragmentOnly,Qwen    s43 N/C,shared_vector_index,cross_boundary,100,100,0,0,0,0,0
FragmentOnly,Qwen    s43 N/C,summary_merge,supported,100,0,100,0,0,0,0
FragmentOnly,Qwen    s43 N/C,summary_merge,cross_boundary,100,97,3,0,0,0,0
BcesvExact,Qwen    s43 N/C,isolated,supported,100,0,0,0,100,0,0
BcesvExact,Qwen    s43 N/C,isolated,cross_boundary,100,0,0,0,100,0,0
BcesvExact,Qwen    s43 N/C,boundary_preserving_topk,supported,100,0,0,0,100,0,0
BcesvExact,Qwen    s43 N/C,boundary_preserving_topk,cross_boundary,100,0,0,0,100,0,0
BcesvExact,Qwen    s43 N/C,shared_vector_index,supported,100,0,0,0,100,0,0
BcesvExact,Qwen    s43 N/C,shared_vector_index,cross_boundary,100,100,0,0,0,0,0
BcesvExact,Qwen    s43 N/C,summary_merge,supported,100,0,0,0,100,0,0
BcesvExact,Qwen    s43 N/C,summary_merge,cross_boundary,100,97,0,0,3,0,0
BcesvNoisy(10%),Qwen    s43 N/C,isolated,supported,100,0,0,0,100,50,0
BcesvNoisy(10%),Qwen    s43 N/C,isolated,cross_boundary,100,0,0,0,100,16,0
BcesvNoisy(10%),Qwen    s43 N/C,boundary_preserving_topk,supported,100,0,0,0,100,50,0
BcesvNoisy(10%),Qwen    s43 N/C,boundary_preserving_topk,cross_boundary,100,0,0,0,100,16,0
BcesvNoisy(10%),Qwen    s43 N/C,shared_vector_index,supported,100,0,0,0,100,50,0
BcesvNoisy(10%),Qwen    s43 N/C,shared_vector_index,cross_boundary,100,45,0,55,0,55,0
BcesvNoisy(10%),Qwen    s43 N/C,summary_merge,supported,100,0,0,0,100,50,0
BcesvNoisy(10%),Qwen    s43 N/C,summary_merge,cross_boundary,100,55,0,42,3,43,0
BcesvNoisy(20%),Qwen    s43 N/C,isolated,supported,100,0,0,0,100,72,0
BcesvNoisy(20%),Qwen    s43 N/C,isolated,cross_boundary,100,0,0,0,100,25,0
BcesvNoisy(20%),Qwen    s43 N/C,boundary_preserving_topk,supported,100,0,0,0,100,72,0
BcesvNoisy(20%),Qwen    s43 N/C,boundary_preserving_topk,cross_boundary,100,0,0,0,100,25,0
BcesvNoisy(20%),Qwen    s43 N/C,shared_vector_index,supported,100,0,0,0,100,72,0
BcesvNoisy(20%),Qwen    s43 N/C,shared_vector_index,cross_boundary,100,25,0,75,0,75,0
BcesvNoisy(20%),Qwen    s43 N/C,summary_merge,supported,100,0,0,0,100,72,0
BcesvNoisy(20%),Qwen    s43 N/C,summary_merge,cross_boundary,100,36,0,61,3,62,0
BcesvNoisy(30%),Qwen    s43 N/C,isolated,supported,100,0,0,0,100,87,0
BcesvNoisy(30%),Qwen    s43 N/C,isolated,cross_boundary,100,0,0,0,100,37,0
BcesvNoisy(30%),Qwen    s43 N/C,boundary_preserving_topk,supported,100,0,0,0,100,87,0
BcesvNoisy(30%),Qwen    s43 N/C,boundary_preserving_topk,cross_boundary,100,0,0,0,100,37,0
BcesvNoisy(30%),Qwen    s43 N/C,shared_vector_index,supported,100,0,0,0,100,87,0
BcesvNoisy(30%),Qwen    s43 N/C,shared_vector_index,cross_boundary,100,17,0,83,0,83,0
BcesvNoisy(30%),Qwen    s43 N/C,summary_merge,supported,100,0,0,0,100,87,0
BcesvNoisy(30%),Qwen    s43 N/C,summary_merge,cross_boundary,100,21,0,76,3,77,0
BcesvReconstruct,Qwen    s43 N/C,isolated,supported,100,0,0,0,100,0,0
BcesvReconstruct,Qwen    s43 N/C,isolated,cross_boundary,100,0,46,0,54,0,0
BcesvReconstruct,Qwen    s43 N/C,boundary_preserving_topk,supported,100,0,0,0,100,0,0
BcesvReconstruct,Qwen    s43 N/C,boundary_preserving_topk,cross_boundary,100,0,46,0,54,0,0
BcesvReconstruct,Qwen    s43 N/C,shared_vector_index,supported,100,0,0,0,100,0,0
BcesvReconstruct,Qwen    s43 N/C,shared_vector_index,cross_boundary,100,100,0,0,0,0,0
BcesvReconstruct,Qwen    s43 N/C,summary_merge,supported,100,0,0,0,100,0,0
BcesvReconstruct,Qwen    s43 N/C,summary_merge,cross_boundary,100,97,3,0,0,0,0
BcesvRecon[no_tenant],Qwen    s43 N/C,isolated,supported,100,0,0,0,100,0,0
BcesvRecon[no_tenant],Qwen    s43 N/C,isolated,cross_boundary,100,0,46,0,54,0,0
BcesvRecon[no_tenant],Qwen    s43 N/C,boundary_preserving_topk,supported,100,0,0,0,100,0,0
BcesvRecon[no_tenant],Qwen    s43 N/C,boundary_preserving_topk,cross_boundary,100,0,46,0,54,0,0
BcesvRecon[no_tenant],Qwen    s43 N/C,shared_vector_index,supported,100,0,0,0,100,0,0
BcesvRecon[no_tenant],Qwen    s43 N/C,shared_vector_index,cross_boundary,100,100,0,0,0,0,0
BcesvRecon[no_tenant],Qwen    s43 N/C,summary_merge,supported,100,0,0,0,100,0,0
BcesvRecon[no_tenant],Qwen    s43 N/C,summary_merge,cross_boundary,100,97,3,0,0,0,0
BcesvRecon[no_time],Qwen    s43 N/C,isolated,supported,100,0,0,0,100,0,0
BcesvRecon[no_time],Qwen    s43 N/C,isolated,cross_boundary,100,0,46,0,54,0,0
BcesvRecon[no_time],Qwen    s43 N/C,boundary_preserving_topk,supported,100,0,0,0,100,0,0
BcesvRecon[no_time],Qwen    s43 N/C,boundary_preserving_topk,cross_boundary,100,0,46,0,54,0,0
BcesvRecon[no_time],Qwen    s43 N/C,shared_vector_index,supported,100,0,0,0,100,0,0
BcesvRecon[no_time],Qwen    s43 N/C,shared_vector_index,cross_boundary,100,100,0,0,0,0,0
BcesvRecon[no_time],Qwen    s43 N/C,summary_merge,supported,100,0,0,0,100,0,0
BcesvRecon[no_time],Qwen    s43 N/C,summary_merge,cross_boundary,100,97,3,0,0,0,0
BcesvRecon[no_entity],Qwen    s43 N/C,isolated,supported,100,0,0,0,100,0,0
BcesvRecon[no_entity],Qwen    s43 N/C,isolated,cross_boundary,100,0,46,0,54,0,0
BcesvRecon[no_entity],Qwen    s43 N/C,boundary_preserving_topk,supported,100,0,0,0,100,0,0
BcesvRecon[no_entity],Qwen    s43 N/C,boundary_preserving_topk,cross_boundary,100,0,46,0,54,0,0
BcesvRecon[no_entity],Qwen    s43 N/C,shared_vector_index,supported,100,0,0,0,100,0,0
BcesvRecon[no_entity],Qwen    s43 N/C,shared_vector_index,cross_boundary,100,100,0,0,0,0,0
BcesvRecon[no_entity],Qwen    s43 N/C,summary_merge,supported,100,0,0,0,100,0,0
BcesvRecon[no_entity],Qwen    s43 N/C,summary_merge,cross_boundary,100,97,3,0,0,0,0
BcesvRecon[no_logsrc],Qwen    s43 N/C,isolated,supported,100,0,0,0,100,0,0
BcesvRecon[no_logsrc],Qwen    s43 N/C,isolated,cross_boundary,100,0,46,0,54,0,0
BcesvRecon[no_logsrc],Qwen    s43 N/C,boundary_preserving_topk,supported,100,0,0,0,100,0,0
BcesvRecon[no_logsrc],Qwen    s43 N/C,boundary_preserving_topk,cross_boundary,100,0,46,0,54,0,0
BcesvRecon[no_logsrc],Qwen    s43 N/C,shared_vector_index,supported,100,0,0,0,100,0,0
BcesvRecon[no_logsrc],Qwen    s43 N/C,shared_vector_index,cross_boundary,100,100,0,0,0,0,0
BcesvRecon[no_logsrc],Qwen    s43 N/C,summary_merge,supported,100,0,0,0,100,0,0
BcesvRecon[no_logsrc],Qwen    s43 N/C,summary_merge,cross_boundary,100,97,3,0,0,0,0
BcesvRecon[no_template],Qwen    s43 N/C,isolated,supported,100,0,0,0,100,0,0
BcesvRecon[no_template],Qwen    s43 N/C,isolated,cross_boundary,100,0,46,0,54,0,0
BcesvRecon[no_template],Qwen    s43 N/C,boundary_preserving_topk,supported,100,0,0,0,100,0,0
BcesvRecon[no_template],Qwen    s43 N/C,boundary_preserving_topk,cross_boundary,100,0,46,0,54,0,0
BcesvRecon[no_template],Qwen    s43 N/C,shared_vector_index,supported,100,0,0,0,100,0,0
BcesvRecon[no_template],Qwen    s43 N/C,shared_vector_index,cross_boundary,100,100,0,0,0,0,0
BcesvRecon[no_template],Qwen    s43 N/C,summary_merge,supported,100,0,0,0,100,0,0
BcesvRecon[no_template],Qwen    s43 N/C,summary_merge,cross_boundary,100,97,3,0,0,0,0
FragmentOnly,Qwen    s44 N/C,isolated,supported,100,0,100,0,0,0,0
FragmentOnly,Qwen    s44 N/C,isolated,cross_boundary,100,0,40,0,60,0,0
FragmentOnly,Qwen    s44 N/C,boundary_preserving_topk,supported,100,0,100,0,0,0,0
FragmentOnly,Qwen    s44 N/C,boundary_preserving_topk,cross_boundary,100,0,40,0,60,0,0
FragmentOnly,Qwen    s44 N/C,shared_vector_index,supported,100,0,100,0,0,0,0
FragmentOnly,Qwen    s44 N/C,shared_vector_index,cross_boundary,100,100,0,0,0,0,0
FragmentOnly,Qwen    s44 N/C,summary_merge,supported,100,0,100,0,0,0,0
FragmentOnly,Qwen    s44 N/C,summary_merge,cross_boundary,100,100,0,0,0,0,0
BcesvExact,Qwen    s44 N/C,isolated,supported,100,0,0,0,100,0,0
BcesvExact,Qwen    s44 N/C,isolated,cross_boundary,100,0,0,0,100,0,0
BcesvExact,Qwen    s44 N/C,boundary_preserving_topk,supported,100,0,0,0,100,0,0
BcesvExact,Qwen    s44 N/C,boundary_preserving_topk,cross_boundary,100,0,0,0,100,0,0
BcesvExact,Qwen    s44 N/C,shared_vector_index,supported,100,0,0,0,100,0,0
BcesvExact,Qwen    s44 N/C,shared_vector_index,cross_boundary,100,100,0,0,0,0,0
BcesvExact,Qwen    s44 N/C,summary_merge,supported,100,0,0,0,100,0,0
BcesvExact,Qwen    s44 N/C,summary_merge,cross_boundary,100,100,0,0,0,0,0
BcesvNoisy(10%),Qwen    s44 N/C,isolated,supported,100,0,0,0,100,39,0
BcesvNoisy(10%),Qwen    s44 N/C,isolated,cross_boundary,100,0,0,0,100,17,0
BcesvNoisy(10%),Qwen    s44 N/C,boundary_preserving_topk,supported,100,0,0,0,100,39,0
BcesvNoisy(10%),Qwen    s44 N/C,boundary_preserving_topk,cross_boundary,100,0,0,0,100,17,0
BcesvNoisy(10%),Qwen    s44 N/C,shared_vector_index,supported,100,0,0,0,100,39,0
BcesvNoisy(10%),Qwen    s44 N/C,shared_vector_index,cross_boundary,100,60,0,40,0,40,0
BcesvNoisy(10%),Qwen    s44 N/C,summary_merge,supported,100,0,0,0,100,39,0
BcesvNoisy(10%),Qwen    s44 N/C,summary_merge,cross_boundary,100,64,0,36,0,36,0
BcesvNoisy(20%),Qwen    s44 N/C,isolated,supported,100,0,0,0,100,65,0
BcesvNoisy(20%),Qwen    s44 N/C,isolated,cross_boundary,100,0,0,0,100,28,0
BcesvNoisy(20%),Qwen    s44 N/C,boundary_preserving_topk,supported,100,0,0,0,100,65,0
BcesvNoisy(20%),Qwen    s44 N/C,boundary_preserving_topk,cross_boundary,100,0,0,0,100,28,0
BcesvNoisy(20%),Qwen    s44 N/C,shared_vector_index,supported,100,0,0,0,100,65,0
BcesvNoisy(20%),Qwen    s44 N/C,shared_vector_index,cross_boundary,100,44,0,56,0,56,0
BcesvNoisy(20%),Qwen    s44 N/C,summary_merge,supported,100,0,0,0,100,65,0
BcesvNoisy(20%),Qwen    s44 N/C,summary_merge,cross_boundary,100,49,0,51,0,51,0
BcesvNoisy(30%),Qwen    s44 N/C,isolated,supported,100,0,0,0,100,84,0
BcesvNoisy(30%),Qwen    s44 N/C,isolated,cross_boundary,100,0,0,0,100,39,0
BcesvNoisy(30%),Qwen    s44 N/C,boundary_preserving_topk,supported,100,0,0,0,100,84,0
BcesvNoisy(30%),Qwen    s44 N/C,boundary_preserving_topk,cross_boundary,100,0,0,0,100,39,0
BcesvNoisy(30%),Qwen    s44 N/C,shared_vector_index,supported,100,0,0,0,100,84,0
BcesvNoisy(30%),Qwen    s44 N/C,shared_vector_index,cross_boundary,100,23,0,77,0,77,0
BcesvNoisy(30%),Qwen    s44 N/C,summary_merge,supported,100,0,0,0,100,84,0
BcesvNoisy(30%),Qwen    s44 N/C,summary_merge,cross_boundary,100,29,0,71,0,71,0
BcesvReconstruct,Qwen    s44 N/C,isolated,supported,100,0,0,0,100,0,0
BcesvReconstruct,Qwen    s44 N/C,isolated,cross_boundary,100,0,40,0,60,0,0
BcesvReconstruct,Qwen    s44 N/C,boundary_preserving_topk,supported,100,0,0,0,100,0,0
BcesvReconstruct,Qwen    s44 N/C,boundary_preserving_topk,cross_boundary,100,0,40,0,60,0,0
BcesvReconstruct,Qwen    s44 N/C,shared_vector_index,supported,100,0,0,0,100,0,0
BcesvReconstruct,Qwen    s44 N/C,shared_vector_index,cross_boundary,100,100,0,0,0,0,0
BcesvReconstruct,Qwen    s44 N/C,summary_merge,supported,100,0,0,0,100,0,0
BcesvReconstruct,Qwen    s44 N/C,summary_merge,cross_boundary,100,100,0,0,0,0,0
BcesvRecon[no_tenant],Qwen    s44 N/C,isolated,supported,100,0,0,0,100,0,0
BcesvRecon[no_tenant],Qwen    s44 N/C,isolated,cross_boundary,100,0,40,0,60,0,0
BcesvRecon[no_tenant],Qwen    s44 N/C,boundary_preserving_topk,supported,100,0,0,0,100,0,0
BcesvRecon[no_tenant],Qwen    s44 N/C,boundary_preserving_topk,cross_boundary,100,0,40,0,60,0,0
BcesvRecon[no_tenant],Qwen    s44 N/C,shared_vector_index,supported,100,0,0,0,100,0,0
BcesvRecon[no_tenant],Qwen    s44 N/C,shared_vector_index,cross_boundary,100,100,0,0,0,0,0
BcesvRecon[no_tenant],Qwen    s44 N/C,summary_merge,supported,100,0,0,0,100,0,0
BcesvRecon[no_tenant],Qwen    s44 N/C,summary_merge,cross_boundary,100,100,0,0,0,0,0
BcesvRecon[no_time],Qwen    s44 N/C,isolated,supported,100,0,0,0,100,0,0
BcesvRecon[no_time],Qwen    s44 N/C,isolated,cross_boundary,100,0,40,0,60,0,0
BcesvRecon[no_time],Qwen    s44 N/C,boundary_preserving_topk,supported,100,0,0,0,100,0,0
BcesvRecon[no_time],Qwen    s44 N/C,boundary_preserving_topk,cross_boundary,100,0,40,0,60,0,0
BcesvRecon[no_time],Qwen    s44 N/C,shared_vector_index,supported,100,0,0,0,100,0,0
BcesvRecon[no_time],Qwen    s44 N/C,shared_vector_index,cross_boundary,100,100,0,0,0,0,0
BcesvRecon[no_time],Qwen    s44 N/C,summary_merge,supported,100,0,0,0,100,0,0
BcesvRecon[no_time],Qwen    s44 N/C,summary_merge,cross_boundary,100,100,0,0,0,0,0
BcesvRecon[no_entity],Qwen    s44 N/C,isolated,supported,100,0,0,0,100,0,0
BcesvRecon[no_entity],Qwen    s44 N/C,isolated,cross_boundary,100,0,40,0,60,0,0
BcesvRecon[no_entity],Qwen    s44 N/C,boundary_preserving_topk,supported,100,0,0,0,100,0,0
BcesvRecon[no_entity],Qwen    s44 N/C,boundary_preserving_topk,cross_boundary,100,0,40,0,60,0,0
BcesvRecon[no_entity],Qwen    s44 N/C,shared_vector_index,supported,100,0,0,0,100,0,0
BcesvRecon[no_entity],Qwen    s44 N/C,shared_vector_index,cross_boundary,100,100,0,0,0,0,0
BcesvRecon[no_entity],Qwen    s44 N/C,summary_merge,supported,100,0,0,0,100,0,0
BcesvRecon[no_entity],Qwen    s44 N/C,summary_merge,cross_boundary,100,100,0,0,0,0,0
BcesvRecon[no_logsrc],Qwen    s44 N/C,isolated,supported,100,0,0,0,100,0,0
BcesvRecon[no_logsrc],Qwen    s44 N/C,isolated,cross_boundary,100,0,40,0,60,0,0
BcesvRecon[no_logsrc],Qwen    s44 N/C,boundary_preserving_topk,supported,100,0,0,0,100,0,0
BcesvRecon[no_logsrc],Qwen    s44 N/C,boundary_preserving_topk,cross_boundary,100,0,40,0,60,0,0
BcesvRecon[no_logsrc],Qwen    s44 N/C,shared_vector_index,supported,100,0,0,0,100,0,0
BcesvRecon[no_logsrc],Qwen    s44 N/C,shared_vector_index,cross_boundary,100,100,0,0,0,0,0
BcesvRecon[no_logsrc],Qwen    s44 N/C,summary_merge,supported,100,0,0,0,100,0,0
BcesvRecon[no_logsrc],Qwen    s44 N/C,summary_merge,cross_boundary,100,100,0,0,0,0,0
BcesvRecon[no_template],Qwen    s44 N/C,isolated,supported,100,0,0,0,100,0,0
BcesvRecon[no_template],Qwen    s44 N/C,isolated,cross_boundary,100,0,40,0,60,0,0
BcesvRecon[no_template],Qwen    s44 N/C,boundary_preserving_topk,supported,100,0,0,0,100,0,0
BcesvRecon[no_template],Qwen    s44 N/C,boundary_preserving_topk,cross_boundary,100,0,40,0,60,0,0
BcesvRecon[no_template],Qwen    s44 N/C,shared_vector_index,supported,100,0,0,0,100,0,0
BcesvRecon[no_template],Qwen    s44 N/C,shared_vector_index,cross_boundary,100,100,0,0,0,0,0
BcesvRecon[no_template],Qwen    s44 N/C,summary_merge,supported,100,0,0,0,100,0,0
BcesvRecon[no_template],Qwen    s44 N/C,summary_merge,cross_boundary,100,100,0,0,0,0,0
FragmentOnly,Mistral s42 N/C,isolated,supported,100,0,100,0,0,0,0
FragmentOnly,Mistral s42 N/C,isolated,cross_boundary,100,0,17,0,83,0,0
FragmentOnly,Mistral s42 N/C,boundary_preserving_topk,supported,100,0,100,0,0,0,0
FragmentOnly,Mistral s42 N/C,boundary_preserving_topk,cross_boundary,100,0,17,0,83,0,0
FragmentOnly,Mistral s42 N/C,shared_vector_index,supported,100,0,100,0,0,0,0
FragmentOnly,Mistral s42 N/C,shared_vector_index,cross_boundary,100,100,0,0,0,0,0
FragmentOnly,Mistral s42 N/C,summary_merge,supported,100,0,100,0,0,0,0
FragmentOnly,Mistral s42 N/C,summary_merge,cross_boundary,100,100,0,0,0,0,0
BcesvExact,Mistral s42 N/C,isolated,supported,100,0,0,0,100,0,0
BcesvExact,Mistral s42 N/C,isolated,cross_boundary,100,0,0,0,100,0,0
BcesvExact,Mistral s42 N/C,boundary_preserving_topk,supported,100,0,0,0,100,0,0
BcesvExact,Mistral s42 N/C,boundary_preserving_topk,cross_boundary,100,0,0,0,100,0,0
BcesvExact,Mistral s42 N/C,shared_vector_index,supported,100,0,0,0,100,0,0
BcesvExact,Mistral s42 N/C,shared_vector_index,cross_boundary,100,100,0,0,0,0,0
BcesvExact,Mistral s42 N/C,summary_merge,supported,100,0,0,0,100,0,0
BcesvExact,Mistral s42 N/C,summary_merge,cross_boundary,100,100,0,0,0,0,0
BcesvNoisy(10%),Mistral s42 N/C,isolated,supported,100,0,0,0,100,41,0
BcesvNoisy(10%),Mistral s42 N/C,isolated,cross_boundary,100,0,0,0,100,7,0
BcesvNoisy(10%),Mistral s42 N/C,boundary_preserving_topk,supported,100,0,0,0,100,41,0
BcesvNoisy(10%),Mistral s42 N/C,boundary_preserving_topk,cross_boundary,100,0,0,0,100,7,0
BcesvNoisy(10%),Mistral s42 N/C,shared_vector_index,supported,100,0,0,0,100,41,0
BcesvNoisy(10%),Mistral s42 N/C,shared_vector_index,cross_boundary,100,80,0,20,0,20,0
BcesvNoisy(10%),Mistral s42 N/C,summary_merge,supported,100,0,0,0,100,41,0
BcesvNoisy(10%),Mistral s42 N/C,summary_merge,cross_boundary,100,81,0,19,0,19,0
BcesvNoisy(20%),Mistral s42 N/C,isolated,supported,100,0,0,0,100,69,0
BcesvNoisy(20%),Mistral s42 N/C,isolated,cross_boundary,100,0,0,0,100,13,0
BcesvNoisy(20%),Mistral s42 N/C,boundary_preserving_topk,supported,100,0,0,0,100,69,0
BcesvNoisy(20%),Mistral s42 N/C,boundary_preserving_topk,cross_boundary,100,0,0,0,100,13,0
BcesvNoisy(20%),Mistral s42 N/C,shared_vector_index,supported,100,0,0,0,100,69,0
BcesvNoisy(20%),Mistral s42 N/C,shared_vector_index,cross_boundary,100,50,0,50,0,50,0
BcesvNoisy(20%),Mistral s42 N/C,summary_merge,supported,100,0,0,0,100,69,0
BcesvNoisy(20%),Mistral s42 N/C,summary_merge,cross_boundary,100,48,0,52,0,52,0
BcesvNoisy(30%),Mistral s42 N/C,isolated,supported,100,0,0,0,100,81,0
BcesvNoisy(30%),Mistral s42 N/C,isolated,cross_boundary,100,0,0,0,100,26,0
BcesvNoisy(30%),Mistral s42 N/C,boundary_preserving_topk,supported,100,0,0,0,100,81,0
BcesvNoisy(30%),Mistral s42 N/C,boundary_preserving_topk,cross_boundary,100,0,0,0,100,26,0
BcesvNoisy(30%),Mistral s42 N/C,shared_vector_index,supported,100,0,0,0,100,81,0
BcesvNoisy(30%),Mistral s42 N/C,shared_vector_index,cross_boundary,100,18,0,82,0,82,0
BcesvNoisy(30%),Mistral s42 N/C,summary_merge,supported,100,0,0,0,100,81,0
BcesvNoisy(30%),Mistral s42 N/C,summary_merge,cross_boundary,100,21,0,79,0,79,0
BcesvReconstruct,Mistral s42 N/C,isolated,supported,100,0,0,0,100,0,0
BcesvReconstruct,Mistral s42 N/C,isolated,cross_boundary,100,0,17,0,83,0,0
BcesvReconstruct,Mistral s42 N/C,boundary_preserving_topk,supported,100,0,0,0,100,0,0
BcesvReconstruct,Mistral s42 N/C,boundary_preserving_topk,cross_boundary,100,0,17,0,83,0,0
BcesvReconstruct,Mistral s42 N/C,shared_vector_index,supported,100,0,0,0,100,0,0
BcesvReconstruct,Mistral s42 N/C,shared_vector_index,cross_boundary,100,100,0,0,0,0,0
BcesvReconstruct,Mistral s42 N/C,summary_merge,supported,100,0,0,0,100,0,0
BcesvReconstruct,Mistral s42 N/C,summary_merge,cross_boundary,100,100,0,0,0,0,0
BcesvRecon[no_tenant],Mistral s42 N/C,isolated,supported,100,0,0,0,100,0,0
BcesvRecon[no_tenant],Mistral s42 N/C,isolated,cross_boundary,100,0,17,0,83,0,0
BcesvRecon[no_tenant],Mistral s42 N/C,boundary_preserving_topk,supported,100,0,0,0,100,0,0
BcesvRecon[no_tenant],Mistral s42 N/C,boundary_preserving_topk,cross_boundary,100,0,17,0,83,0,0
BcesvRecon[no_tenant],Mistral s42 N/C,shared_vector_index,supported,100,0,0,0,100,0,0
BcesvRecon[no_tenant],Mistral s42 N/C,shared_vector_index,cross_boundary,100,100,0,0,0,0,0
BcesvRecon[no_tenant],Mistral s42 N/C,summary_merge,supported,100,0,0,0,100,0,0
BcesvRecon[no_tenant],Mistral s42 N/C,summary_merge,cross_boundary,100,100,0,0,0,0,0
BcesvRecon[no_time],Mistral s42 N/C,isolated,supported,100,0,0,0,100,0,0
BcesvRecon[no_time],Mistral s42 N/C,isolated,cross_boundary,100,0,17,0,83,0,0
BcesvRecon[no_time],Mistral s42 N/C,boundary_preserving_topk,supported,100,0,0,0,100,0,0
BcesvRecon[no_time],Mistral s42 N/C,boundary_preserving_topk,cross_boundary,100,0,17,0,83,0,0
BcesvRecon[no_time],Mistral s42 N/C,shared_vector_index,supported,100,0,0,0,100,0,0
BcesvRecon[no_time],Mistral s42 N/C,shared_vector_index,cross_boundary,100,100,0,0,0,0,0
BcesvRecon[no_time],Mistral s42 N/C,summary_merge,supported,100,0,0,0,100,0,0
BcesvRecon[no_time],Mistral s42 N/C,summary_merge,cross_boundary,100,100,0,0,0,0,0
BcesvRecon[no_entity],Mistral s42 N/C,isolated,supported,100,0,0,0,100,0,0
BcesvRecon[no_entity],Mistral s42 N/C,isolated,cross_boundary,100,0,17,0,83,0,0
BcesvRecon[no_entity],Mistral s42 N/C,boundary_preserving_topk,supported,100,0,0,0,100,0,0
BcesvRecon[no_entity],Mistral s42 N/C,boundary_preserving_topk,cross_boundary,100,0,17,0,83,0,0
BcesvRecon[no_entity],Mistral s42 N/C,shared_vector_index,supported,100,0,0,0,100,0,0
BcesvRecon[no_entity],Mistral s42 N/C,shared_vector_index,cross_boundary,100,100,0,0,0,0,0
BcesvRecon[no_entity],Mistral s42 N/C,summary_merge,supported,100,0,0,0,100,0,0
BcesvRecon[no_entity],Mistral s42 N/C,summary_merge,cross_boundary,100,100,0,0,0,0,0
BcesvRecon[no_logsrc],Mistral s42 N/C,isolated,supported,100,0,0,0,100,0,0
BcesvRecon[no_logsrc],Mistral s42 N/C,isolated,cross_boundary,100,0,17,0,83,0,0
BcesvRecon[no_logsrc],Mistral s42 N/C,boundary_preserving_topk,supported,100,0,0,0,100,0,0
BcesvRecon[no_logsrc],Mistral s42 N/C,boundary_preserving_topk,cross_boundary,100,0,17,0,83,0,0
BcesvRecon[no_logsrc],Mistral s42 N/C,shared_vector_index,supported,100,0,0,0,100,0,0
BcesvRecon[no_logsrc],Mistral s42 N/C,shared_vector_index,cross_boundary,100,100,0,0,0,0,0
BcesvRecon[no_logsrc],Mistral s42 N/C,summary_merge,supported,100,0,0,0,100,0,0
BcesvRecon[no_logsrc],Mistral s42 N/C,summary_merge,cross_boundary,100,100,0,0,0,0,0
BcesvRecon[no_template],Mistral s42 N/C,isolated,supported,100,0,0,0,100,0,0
BcesvRecon[no_template],Mistral s42 N/C,isolated,cross_boundary,100,0,17,0,83,0,0
BcesvRecon[no_template],Mistral s42 N/C,boundary_preserving_topk,supported,100,0,0,0,100,0,0
BcesvRecon[no_template],Mistral s42 N/C,boundary_preserving_topk,cross_boundary,100,0,17,0,83,0,0
BcesvRecon[no_template],Mistral s42 N/C,shared_vector_index,supported,100,0,0,0,100,0,0
BcesvRecon[no_template],Mistral s42 N/C,shared_vector_index,cross_boundary,100,100,0,0,0,0,0
BcesvRecon[no_template],Mistral s42 N/C,summary_merge,supported,100,0,0,0,100,0,0
BcesvRecon[no_template],Mistral s42 N/C,summary_merge,cross_boundary,100,100,0,0,0,0,0
FragmentOnly,Mistral s42 C/C,isolated,supported,100,0,100,0,0,0,0
FragmentOnly,Mistral s42 C/C,isolated,cross_boundary,100,0,15,0,66,3,19
FragmentOnly,Mistral s42 C/C,boundary_preserving_topk,supported,100,0,100,0,0,0,0
FragmentOnly,Mistral s42 C/C,boundary_preserving_topk,cross_boundary,100,0,15,0,67,3,18
FragmentOnly,Mistral s42 C/C,shared_vector_index,supported,100,0,100,0,0,0,0
FragmentOnly,Mistral s42 C/C,shared_vector_index,cross_boundary,100,100,0,0,0,0,0
FragmentOnly,Mistral s42 C/C,summary_merge,supported,100,0,100,0,0,0,0
FragmentOnly,Mistral s42 C/C,summary_merge,cross_boundary,100,100,0,0,0,0,0
BcesvExact,Mistral s42 C/C,isolated,supported,100,0,0,0,100,0,0
BcesvExact,Mistral s42 C/C,isolated,cross_boundary,100,0,0,0,81,3,19
BcesvExact,Mistral s42 C/C,boundary_preserving_topk,supported,100,0,0,0,100,0,0
BcesvExact,Mistral s42 C/C,boundary_preserving_topk,cross_boundary,100,0,0,0,82,3,18
BcesvExact,Mistral s42 C/C,shared_vector_index,supported,100,0,0,0,100,0,0
BcesvExact,Mistral s42 C/C,shared_vector_index,cross_boundary,100,100,0,0,0,0,0
BcesvExact,Mistral s42 C/C,summary_merge,supported,100,0,0,0,100,0,0
BcesvExact,Mistral s42 C/C,summary_merge,cross_boundary,100,100,0,0,0,0,0
BcesvNoisy(10%),Mistral s42 C/C,isolated,supported,100,0,0,0,100,41,0
BcesvNoisy(10%),Mistral s42 C/C,isolated,cross_boundary,100,0,0,0,81,10,19
BcesvNoisy(10%),Mistral s42 C/C,boundary_preserving_topk,supported,100,0,0,0,100,41,0
BcesvNoisy(10%),Mistral s42 C/C,boundary_preserving_topk,cross_boundary,100,0,0,0,82,10,18
BcesvNoisy(10%),Mistral s42 C/C,shared_vector_index,supported,100,0,0,0,100,41,0
BcesvNoisy(10%),Mistral s42 C/C,shared_vector_index,cross_boundary,100,80,0,20,0,20,0
BcesvNoisy(10%),Mistral s42 C/C,summary_merge,supported,100,0,0,0,100,40,0
BcesvNoisy(10%),Mistral s42 C/C,summary_merge,cross_boundary,100,81,0,19,0,19,0
BcesvNoisy(20%),Mistral s42 C/C,isolated,supported,100,0,0,0,100,69,0
BcesvNoisy(20%),Mistral s42 C/C,isolated,cross_boundary,100,0,0,0,81,16,19
BcesvNoisy(20%),Mistral s42 C/C,boundary_preserving_topk,supported,100,0,0,0,100,69,0
BcesvNoisy(20%),Mistral s42 C/C,boundary_preserving_topk,cross_boundary,100,0,0,0,82,16,18
BcesvNoisy(20%),Mistral s42 C/C,shared_vector_index,supported,100,0,0,0,100,69,0
BcesvNoisy(20%),Mistral s42 C/C,shared_vector_index,cross_boundary,100,50,0,50,0,50,0
BcesvNoisy(20%),Mistral s42 C/C,summary_merge,supported,100,0,0,0,100,68,0
BcesvNoisy(20%),Mistral s42 C/C,summary_merge,cross_boundary,100,47,0,53,0,53,0
BcesvNoisy(30%),Mistral s42 C/C,isolated,supported,100,0,0,0,100,81,0
BcesvNoisy(30%),Mistral s42 C/C,isolated,cross_boundary,100,0,0,0,81,26,19
BcesvNoisy(30%),Mistral s42 C/C,boundary_preserving_topk,supported,100,0,0,0,100,81,0
BcesvNoisy(30%),Mistral s42 C/C,boundary_preserving_topk,cross_boundary,100,0,0,0,82,26,18
BcesvNoisy(30%),Mistral s42 C/C,shared_vector_index,supported,100,0,0,0,100,81,0
BcesvNoisy(30%),Mistral s42 C/C,shared_vector_index,cross_boundary,100,22,0,78,0,78,0
BcesvNoisy(30%),Mistral s42 C/C,summary_merge,supported,100,0,0,0,100,80,0
BcesvNoisy(30%),Mistral s42 C/C,summary_merge,cross_boundary,100,18,0,82,0,82,0
BcesvReconstruct,Mistral s42 C/C,isolated,supported,100,0,0,0,100,0,0
BcesvReconstruct,Mistral s42 C/C,isolated,cross_boundary,100,0,15,0,66,3,19
BcesvReconstruct,Mistral s42 C/C,boundary_preserving_topk,supported,100,0,0,0,100,0,0
BcesvReconstruct,Mistral s42 C/C,boundary_preserving_topk,cross_boundary,100,0,15,0,67,3,18
BcesvReconstruct,Mistral s42 C/C,shared_vector_index,supported,100,0,0,0,100,0,0
BcesvReconstruct,Mistral s42 C/C,shared_vector_index,cross_boundary,100,100,0,0,0,0,0
BcesvReconstruct,Mistral s42 C/C,summary_merge,supported,100,0,0,0,100,0,0
BcesvReconstruct,Mistral s42 C/C,summary_merge,cross_boundary,100,100,0,0,0,0,0
BcesvRecon[no_tenant],Mistral s42 C/C,isolated,supported,100,0,0,0,100,0,0
BcesvRecon[no_tenant],Mistral s42 C/C,isolated,cross_boundary,100,0,15,0,66,3,19
BcesvRecon[no_tenant],Mistral s42 C/C,boundary_preserving_topk,supported,100,0,0,0,100,0,0
BcesvRecon[no_tenant],Mistral s42 C/C,boundary_preserving_topk,cross_boundary,100,0,15,0,67,3,18
BcesvRecon[no_tenant],Mistral s42 C/C,shared_vector_index,supported,100,0,0,0,100,0,0
BcesvRecon[no_tenant],Mistral s42 C/C,shared_vector_index,cross_boundary,100,100,0,0,0,0,0
BcesvRecon[no_tenant],Mistral s42 C/C,summary_merge,supported,100,0,0,0,100,0,0
BcesvRecon[no_tenant],Mistral s42 C/C,summary_merge,cross_boundary,100,100,0,0,0,0,0
BcesvRecon[no_time],Mistral s42 C/C,isolated,supported,100,0,0,0,100,0,0
BcesvRecon[no_time],Mistral s42 C/C,isolated,cross_boundary,100,0,15,0,66,3,19
BcesvRecon[no_time],Mistral s42 C/C,boundary_preserving_topk,supported,100,0,0,0,100,0,0
BcesvRecon[no_time],Mistral s42 C/C,boundary_preserving_topk,cross_boundary,100,0,15,0,67,3,18
BcesvRecon[no_time],Mistral s42 C/C,shared_vector_index,supported,100,0,0,0,100,0,0
BcesvRecon[no_time],Mistral s42 C/C,shared_vector_index,cross_boundary,100,100,0,0,0,0,0
BcesvRecon[no_time],Mistral s42 C/C,summary_merge,supported,100,0,0,0,100,0,0
BcesvRecon[no_time],Mistral s42 C/C,summary_merge,cross_boundary,100,100,0,0,0,0,0
BcesvRecon[no_entity],Mistral s42 C/C,isolated,supported,100,0,0,0,100,0,0
BcesvRecon[no_entity],Mistral s42 C/C,isolated,cross_boundary,100,0,15,0,66,3,19
BcesvRecon[no_entity],Mistral s42 C/C,boundary_preserving_topk,supported,100,0,0,0,100,0,0
BcesvRecon[no_entity],Mistral s42 C/C,boundary_preserving_topk,cross_boundary,100,0,15,0,67,3,18
BcesvRecon[no_entity],Mistral s42 C/C,shared_vector_index,supported,100,0,0,0,100,0,0
BcesvRecon[no_entity],Mistral s42 C/C,shared_vector_index,cross_boundary,100,100,0,0,0,0,0
BcesvRecon[no_entity],Mistral s42 C/C,summary_merge,supported,100,0,0,0,100,0,0
BcesvRecon[no_entity],Mistral s42 C/C,summary_merge,cross_boundary,100,100,0,0,0,0,0
BcesvRecon[no_logsrc],Mistral s42 C/C,isolated,supported,100,0,0,0,100,0,0
BcesvRecon[no_logsrc],Mistral s42 C/C,isolated,cross_boundary,100,0,15,0,66,3,19
BcesvRecon[no_logsrc],Mistral s42 C/C,boundary_preserving_topk,supported,100,0,0,0,100,0,0
BcesvRecon[no_logsrc],Mistral s42 C/C,boundary_preserving_topk,cross_boundary,100,0,15,0,67,3,18
BcesvRecon[no_logsrc],Mistral s42 C/C,shared_vector_index,supported,100,0,0,0,100,0,0
BcesvRecon[no_logsrc],Mistral s42 C/C,shared_vector_index,cross_boundary,100,100,0,0,0,0,0
BcesvRecon[no_logsrc],Mistral s42 C/C,summary_merge,supported,100,0,0,0,100,0,0
BcesvRecon[no_logsrc],Mistral s42 C/C,summary_merge,cross_boundary,100,100,0,0,0,0,0
BcesvRecon[no_template],Mistral s42 C/C,isolated,supported,100,0,0,0,100,0,0
BcesvRecon[no_template],Mistral s42 C/C,isolated,cross_boundary,100,0,15,0,66,3,19
BcesvRecon[no_template],Mistral s42 C/C,boundary_preserving_topk,supported,100,0,0,0,100,0,0
BcesvRecon[no_template],Mistral s42 C/C,boundary_preserving_topk,cross_boundary,100,0,15,0,67,3,18
BcesvRecon[no_template],Mistral s42 C/C,shared_vector_index,supported,100,0,0,0,100,0,0
BcesvRecon[no_template],Mistral s42 C/C,shared_vector_index,cross_boundary,100,100,0,0,0,0,0
BcesvRecon[no_template],Mistral s42 C/C,summary_merge,supported,100,0,0,0,100,0,0
BcesvRecon[no_template],Mistral s42 C/C,summary_merge,cross_boundary,100,100,0,0,0,0,0
FragmentOnly,Mistral s42 N/P,isolated,supported,100,0,100,0,0,0,0
FragmentOnly,Mistral s42 N/P,isolated,cross_boundary,100,0,17,0,83,0,0
FragmentOnly,Mistral s42 N/P,boundary_preserving_topk,supported,100,0,100,0,0,0,0
FragmentOnly,Mistral s42 N/P,boundary_preserving_topk,cross_boundary,100,0,17,0,83,0,0
FragmentOnly,Mistral s42 N/P,shared_vector_index,supported,100,0,100,0,0,0,0
FragmentOnly,Mistral s42 N/P,shared_vector_index,cross_boundary,100,100,0,0,0,0,0
FragmentOnly,Mistral s42 N/P,summary_merge,supported,100,0,100,0,0,0,0
FragmentOnly,Mistral s42 N/P,summary_merge,cross_boundary,100,100,0,0,0,0,0
BcesvExact,Mistral s42 N/P,isolated,supported,100,0,0,0,100,0,0
BcesvExact,Mistral s42 N/P,isolated,cross_boundary,100,0,0,0,100,0,0
BcesvExact,Mistral s42 N/P,boundary_preserving_topk,supported,100,0,0,0,100,0,0
BcesvExact,Mistral s42 N/P,boundary_preserving_topk,cross_boundary,100,0,0,0,100,0,0
BcesvExact,Mistral s42 N/P,shared_vector_index,supported,100,0,0,0,100,0,0
BcesvExact,Mistral s42 N/P,shared_vector_index,cross_boundary,100,100,0,0,0,0,0
BcesvExact,Mistral s42 N/P,summary_merge,supported,100,0,0,0,100,0,0
BcesvExact,Mistral s42 N/P,summary_merge,cross_boundary,100,100,0,0,0,0,0
BcesvNoisy(10%),Mistral s42 N/P,isolated,supported,100,0,0,0,100,41,0
BcesvNoisy(10%),Mistral s42 N/P,isolated,cross_boundary,100,0,0,0,100,7,0
BcesvNoisy(10%),Mistral s42 N/P,boundary_preserving_topk,supported,100,0,0,0,100,41,0
BcesvNoisy(10%),Mistral s42 N/P,boundary_preserving_topk,cross_boundary,100,0,0,0,100,7,0
BcesvNoisy(10%),Mistral s42 N/P,shared_vector_index,supported,100,0,0,0,100,41,0
BcesvNoisy(10%),Mistral s42 N/P,shared_vector_index,cross_boundary,100,80,0,20,0,20,0
BcesvNoisy(10%),Mistral s42 N/P,summary_merge,supported,100,0,0,0,100,41,0
BcesvNoisy(10%),Mistral s42 N/P,summary_merge,cross_boundary,100,81,0,19,0,19,0
BcesvNoisy(20%),Mistral s42 N/P,isolated,supported,100,0,0,0,100,69,0
BcesvNoisy(20%),Mistral s42 N/P,isolated,cross_boundary,100,0,0,0,100,13,0
BcesvNoisy(20%),Mistral s42 N/P,boundary_preserving_topk,supported,100,0,0,0,100,69,0
BcesvNoisy(20%),Mistral s42 N/P,boundary_preserving_topk,cross_boundary,100,0,0,0,100,13,0
BcesvNoisy(20%),Mistral s42 N/P,shared_vector_index,supported,100,0,0,0,100,69,0
BcesvNoisy(20%),Mistral s42 N/P,shared_vector_index,cross_boundary,100,50,0,50,0,50,0
BcesvNoisy(20%),Mistral s42 N/P,summary_merge,supported,100,0,0,0,100,69,0
BcesvNoisy(20%),Mistral s42 N/P,summary_merge,cross_boundary,100,47,0,53,0,53,0
BcesvNoisy(30%),Mistral s42 N/P,isolated,supported,100,0,0,0,100,81,0
BcesvNoisy(30%),Mistral s42 N/P,isolated,cross_boundary,100,0,0,0,100,26,0
BcesvNoisy(30%),Mistral s42 N/P,boundary_preserving_topk,supported,100,0,0,0,100,81,0
BcesvNoisy(30%),Mistral s42 N/P,boundary_preserving_topk,cross_boundary,100,0,0,0,100,26,0
BcesvNoisy(30%),Mistral s42 N/P,shared_vector_index,supported,100,0,0,0,100,81,0
BcesvNoisy(30%),Mistral s42 N/P,shared_vector_index,cross_boundary,100,18,0,82,0,82,0
BcesvNoisy(30%),Mistral s42 N/P,summary_merge,supported,100,0,0,0,100,81,0
BcesvNoisy(30%),Mistral s42 N/P,summary_merge,cross_boundary,100,18,0,82,0,82,0
BcesvReconstruct,Mistral s42 N/P,isolated,supported,100,0,0,0,100,0,0
BcesvReconstruct,Mistral s42 N/P,isolated,cross_boundary,100,0,17,0,83,0,0
BcesvReconstruct,Mistral s42 N/P,boundary_preserving_topk,supported,100,0,0,0,100,0,0
BcesvReconstruct,Mistral s42 N/P,boundary_preserving_topk,cross_boundary,100,0,17,0,83,0,0
BcesvReconstruct,Mistral s42 N/P,shared_vector_index,supported,100,0,0,0,100,0,0
BcesvReconstruct,Mistral s42 N/P,shared_vector_index,cross_boundary,100,100,0,0,0,0,0
BcesvReconstruct,Mistral s42 N/P,summary_merge,supported,100,0,0,0,100,0,0
BcesvReconstruct,Mistral s42 N/P,summary_merge,cross_boundary,100,100,0,0,0,0,0
BcesvRecon[no_tenant],Mistral s42 N/P,isolated,supported,100,0,0,0,100,0,0
BcesvRecon[no_tenant],Mistral s42 N/P,isolated,cross_boundary,100,0,17,0,83,0,0
BcesvRecon[no_tenant],Mistral s42 N/P,boundary_preserving_topk,supported,100,0,0,0,100,0,0
BcesvRecon[no_tenant],Mistral s42 N/P,boundary_preserving_topk,cross_boundary,100,0,17,0,83,0,0
BcesvRecon[no_tenant],Mistral s42 N/P,shared_vector_index,supported,100,0,0,0,100,0,0
BcesvRecon[no_tenant],Mistral s42 N/P,shared_vector_index,cross_boundary,100,100,0,0,0,0,0
BcesvRecon[no_tenant],Mistral s42 N/P,summary_merge,supported,100,0,0,0,100,0,0
BcesvRecon[no_tenant],Mistral s42 N/P,summary_merge,cross_boundary,100,100,0,0,0,0,0
BcesvRecon[no_time],Mistral s42 N/P,isolated,supported,100,0,0,0,100,0,0
BcesvRecon[no_time],Mistral s42 N/P,isolated,cross_boundary,100,0,17,0,83,0,0
BcesvRecon[no_time],Mistral s42 N/P,boundary_preserving_topk,supported,100,0,0,0,100,0,0
BcesvRecon[no_time],Mistral s42 N/P,boundary_preserving_topk,cross_boundary,100,0,17,0,83,0,0
BcesvRecon[no_time],Mistral s42 N/P,shared_vector_index,supported,100,0,0,0,100,0,0
BcesvRecon[no_time],Mistral s42 N/P,shared_vector_index,cross_boundary,100,100,0,0,0,0,0
BcesvRecon[no_time],Mistral s42 N/P,summary_merge,supported,100,0,0,0,100,0,0
BcesvRecon[no_time],Mistral s42 N/P,summary_merge,cross_boundary,100,100,0,0,0,0,0
BcesvRecon[no_entity],Mistral s42 N/P,isolated,supported,100,0,0,0,100,0,0
BcesvRecon[no_entity],Mistral s42 N/P,isolated,cross_boundary,100,0,17,0,83,0,0
BcesvRecon[no_entity],Mistral s42 N/P,boundary_preserving_topk,supported,100,0,0,0,100,0,0
BcesvRecon[no_entity],Mistral s42 N/P,boundary_preserving_topk,cross_boundary,100,0,17,0,83,0,0
BcesvRecon[no_entity],Mistral s42 N/P,shared_vector_index,supported,100,0,0,0,100,0,0
BcesvRecon[no_entity],Mistral s42 N/P,shared_vector_index,cross_boundary,100,100,0,0,0,0,0
BcesvRecon[no_entity],Mistral s42 N/P,summary_merge,supported,100,0,0,0,100,0,0
BcesvRecon[no_entity],Mistral s42 N/P,summary_merge,cross_boundary,100,100,0,0,0,0,0
BcesvRecon[no_logsrc],Mistral s42 N/P,isolated,supported,100,0,0,0,100,0,0
BcesvRecon[no_logsrc],Mistral s42 N/P,isolated,cross_boundary,100,0,17,0,83,0,0
BcesvRecon[no_logsrc],Mistral s42 N/P,boundary_preserving_topk,supported,100,0,0,0,100,0,0
BcesvRecon[no_logsrc],Mistral s42 N/P,boundary_preserving_topk,cross_boundary,100,0,17,0,83,0,0
BcesvRecon[no_logsrc],Mistral s42 N/P,shared_vector_index,supported,100,0,0,0,100,0,0
BcesvRecon[no_logsrc],Mistral s42 N/P,shared_vector_index,cross_boundary,100,100,0,0,0,0,0
BcesvRecon[no_logsrc],Mistral s42 N/P,summary_merge,supported,100,0,0,0,100,0,0
BcesvRecon[no_logsrc],Mistral s42 N/P,summary_merge,cross_boundary,100,100,0,0,0,0,0
BcesvRecon[no_template],Mistral s42 N/P,isolated,supported,100,0,0,0,100,0,0
BcesvRecon[no_template],Mistral s42 N/P,isolated,cross_boundary,100,0,17,0,83,0,0
BcesvRecon[no_template],Mistral s42 N/P,boundary_preserving_topk,supported,100,0,0,0,100,0,0
BcesvRecon[no_template],Mistral s42 N/P,boundary_preserving_topk,cross_boundary,100,0,17,0,83,0,0
BcesvRecon[no_template],Mistral s42 N/P,shared_vector_index,supported,100,0,0,0,100,0,0
BcesvRecon[no_template],Mistral s42 N/P,shared_vector_index,cross_boundary,100,100,0,0,0,0,0
BcesvRecon[no_template],Mistral s42 N/P,summary_merge,supported,100,0,0,0,100,0,0
BcesvRecon[no_template],Mistral s42 N/P,summary_merge,cross_boundary,100,100,0,0,0,0,0
FragmentOnly,Mistral s42 C/P,isolated,supported,100,0,100,0,0,0,0
FragmentOnly,Mistral s42 C/P,isolated,cross_boundary,100,0,15,0,66,3,19
FragmentOnly,Mistral s42 C/P,boundary_preserving_topk,supported,100,0,100,0,0,0,0
FragmentOnly,Mistral s42 C/P,boundary_preserving_topk,cross_boundary,100,0,15,0,67,3,18
FragmentOnly,Mistral s42 C/P,shared_vector_index,supported,100,0,100,0,0,0,0
FragmentOnly,Mistral s42 C/P,shared_vector_index,cross_boundary,100,100,0,0,0,0,0
FragmentOnly,Mistral s42 C/P,summary_merge,supported,100,0,100,0,0,0,0
FragmentOnly,Mistral s42 C/P,summary_merge,cross_boundary,100,97,0,0,3,3,0
BcesvExact,Mistral s42 C/P,isolated,supported,100,0,0,0,100,0,0
BcesvExact,Mistral s42 C/P,isolated,cross_boundary,100,0,0,0,81,3,19
BcesvExact,Mistral s42 C/P,boundary_preserving_topk,supported,100,0,0,0,100,0,0
BcesvExact,Mistral s42 C/P,boundary_preserving_topk,cross_boundary,100,0,0,0,82,3,18
BcesvExact,Mistral s42 C/P,shared_vector_index,supported,100,0,0,0,100,0,0
BcesvExact,Mistral s42 C/P,shared_vector_index,cross_boundary,100,100,0,0,0,0,0
BcesvExact,Mistral s42 C/P,summary_merge,supported,100,0,0,0,100,0,0
BcesvExact,Mistral s42 C/P,summary_merge,cross_boundary,100,97,0,0,3,3,0
BcesvNoisy(10%),Mistral s42 C/P,isolated,supported,100,0,0,0,100,41,0
BcesvNoisy(10%),Mistral s42 C/P,isolated,cross_boundary,100,0,0,0,81,10,19
BcesvNoisy(10%),Mistral s42 C/P,boundary_preserving_topk,supported,100,0,0,0,100,41,0
BcesvNoisy(10%),Mistral s42 C/P,boundary_preserving_topk,cross_boundary,100,0,0,0,82,10,18
BcesvNoisy(10%),Mistral s42 C/P,shared_vector_index,supported,100,0,0,0,100,41,0
BcesvNoisy(10%),Mistral s42 C/P,shared_vector_index,cross_boundary,100,80,0,20,0,20,0
BcesvNoisy(10%),Mistral s42 C/P,summary_merge,supported,100,0,0,0,100,41,0
BcesvNoisy(10%),Mistral s42 C/P,summary_merge,cross_boundary,100,79,0,18,3,21,0
BcesvNoisy(20%),Mistral s42 C/P,isolated,supported,100,0,0,0,100,69,0
BcesvNoisy(20%),Mistral s42 C/P,isolated,cross_boundary,100,0,0,0,81,16,19
BcesvNoisy(20%),Mistral s42 C/P,boundary_preserving_topk,supported,100,0,0,0,100,69,0
BcesvNoisy(20%),Mistral s42 C/P,boundary_preserving_topk,cross_boundary,100,0,0,0,82,16,18
BcesvNoisy(20%),Mistral s42 C/P,shared_vector_index,supported,100,0,0,0,100,69,0
BcesvNoisy(20%),Mistral s42 C/P,shared_vector_index,cross_boundary,100,50,0,50,0,50,0
BcesvNoisy(20%),Mistral s42 C/P,summary_merge,supported,100,0,0,0,100,69,0
BcesvNoisy(20%),Mistral s42 C/P,summary_merge,cross_boundary,100,47,0,50,3,53,0
BcesvNoisy(30%),Mistral s42 C/P,isolated,supported,100,0,0,0,100,81,0
BcesvNoisy(30%),Mistral s42 C/P,isolated,cross_boundary,100,0,0,0,81,26,19
BcesvNoisy(30%),Mistral s42 C/P,boundary_preserving_topk,supported,100,0,0,0,100,81,0
BcesvNoisy(30%),Mistral s42 C/P,boundary_preserving_topk,cross_boundary,100,0,0,0,82,26,18
BcesvNoisy(30%),Mistral s42 C/P,shared_vector_index,supported,100,0,0,0,100,81,0
BcesvNoisy(30%),Mistral s42 C/P,shared_vector_index,cross_boundary,100,22,0,78,0,78,0
BcesvNoisy(30%),Mistral s42 C/P,summary_merge,supported,100,0,0,0,100,81,0
BcesvNoisy(30%),Mistral s42 C/P,summary_merge,cross_boundary,100,20,0,77,3,80,0
BcesvReconstruct,Mistral s42 C/P,isolated,supported,100,0,0,0,100,0,0
BcesvReconstruct,Mistral s42 C/P,isolated,cross_boundary,100,0,15,0,66,3,19
BcesvReconstruct,Mistral s42 C/P,boundary_preserving_topk,supported,100,0,0,0,100,0,0
BcesvReconstruct,Mistral s42 C/P,boundary_preserving_topk,cross_boundary,100,0,15,0,67,3,18
BcesvReconstruct,Mistral s42 C/P,shared_vector_index,supported,100,0,0,0,100,0,0
BcesvReconstruct,Mistral s42 C/P,shared_vector_index,cross_boundary,100,100,0,0,0,0,0
BcesvReconstruct,Mistral s42 C/P,summary_merge,supported,100,0,0,0,100,0,0
BcesvReconstruct,Mistral s42 C/P,summary_merge,cross_boundary,100,97,0,0,3,3,0
BcesvRecon[no_tenant],Mistral s42 C/P,isolated,supported,100,0,0,0,100,0,0
BcesvRecon[no_tenant],Mistral s42 C/P,isolated,cross_boundary,100,0,15,0,66,3,19
BcesvRecon[no_tenant],Mistral s42 C/P,boundary_preserving_topk,supported,100,0,0,0,100,0,0
BcesvRecon[no_tenant],Mistral s42 C/P,boundary_preserving_topk,cross_boundary,100,0,15,0,67,3,18
BcesvRecon[no_tenant],Mistral s42 C/P,shared_vector_index,supported,100,0,0,0,100,0,0
BcesvRecon[no_tenant],Mistral s42 C/P,shared_vector_index,cross_boundary,100,100,0,0,0,0,0
BcesvRecon[no_tenant],Mistral s42 C/P,summary_merge,supported,100,0,0,0,100,0,0
BcesvRecon[no_tenant],Mistral s42 C/P,summary_merge,cross_boundary,100,97,0,0,3,3,0
BcesvRecon[no_time],Mistral s42 C/P,isolated,supported,100,0,0,0,100,0,0
BcesvRecon[no_time],Mistral s42 C/P,isolated,cross_boundary,100,0,15,0,66,3,19
BcesvRecon[no_time],Mistral s42 C/P,boundary_preserving_topk,supported,100,0,0,0,100,0,0
BcesvRecon[no_time],Mistral s42 C/P,boundary_preserving_topk,cross_boundary,100,0,15,0,67,3,18
BcesvRecon[no_time],Mistral s42 C/P,shared_vector_index,supported,100,0,0,0,100,0,0
BcesvRecon[no_time],Mistral s42 C/P,shared_vector_index,cross_boundary,100,100,0,0,0,0,0
BcesvRecon[no_time],Mistral s42 C/P,summary_merge,supported,100,0,0,0,100,0,0
BcesvRecon[no_time],Mistral s42 C/P,summary_merge,cross_boundary,100,97,0,0,3,3,0
BcesvRecon[no_entity],Mistral s42 C/P,isolated,supported,100,0,0,0,100,0,0
BcesvRecon[no_entity],Mistral s42 C/P,isolated,cross_boundary,100,0,15,0,66,3,19
BcesvRecon[no_entity],Mistral s42 C/P,boundary_preserving_topk,supported,100,0,0,0,100,0,0
BcesvRecon[no_entity],Mistral s42 C/P,boundary_preserving_topk,cross_boundary,100,0,15,0,67,3,18
BcesvRecon[no_entity],Mistral s42 C/P,shared_vector_index,supported,100,0,0,0,100,0,0
BcesvRecon[no_entity],Mistral s42 C/P,shared_vector_index,cross_boundary,100,100,0,0,0,0,0
BcesvRecon[no_entity],Mistral s42 C/P,summary_merge,supported,100,0,0,0,100,0,0
BcesvRecon[no_entity],Mistral s42 C/P,summary_merge,cross_boundary,100,97,0,0,3,3,0
BcesvRecon[no_logsrc],Mistral s42 C/P,isolated,supported,100,0,0,0,100,0,0
BcesvRecon[no_logsrc],Mistral s42 C/P,isolated,cross_boundary,100,0,15,0,66,3,19
BcesvRecon[no_logsrc],Mistral s42 C/P,boundary_preserving_topk,supported,100,0,0,0,100,0,0
BcesvRecon[no_logsrc],Mistral s42 C/P,boundary_preserving_topk,cross_boundary,100,0,15,0,67,3,18
BcesvRecon[no_logsrc],Mistral s42 C/P,shared_vector_index,supported,100,0,0,0,100,0,0
BcesvRecon[no_logsrc],Mistral s42 C/P,shared_vector_index,cross_boundary,100,100,0,0,0,0,0
BcesvRecon[no_logsrc],Mistral s42 C/P,summary_merge,supported,100,0,0,0,100,0,0
BcesvRecon[no_logsrc],Mistral s42 C/P,summary_merge,cross_boundary,100,97,0,0,3,3,0
BcesvRecon[no_template],Mistral s42 C/P,isolated,supported,100,0,0,0,100,0,0
BcesvRecon[no_template],Mistral s42 C/P,isolated,cross_boundary,100,0,15,0,66,3,19
BcesvRecon[no_template],Mistral s42 C/P,boundary_preserving_topk,supported,100,0,0,0,100,0,0
BcesvRecon[no_template],Mistral s42 C/P,boundary_preserving_topk,cross_boundary,100,0,15,0,67,3,18
BcesvRecon[no_template],Mistral s42 C/P,shared_vector_index,supported,100,0,0,0,100,0,0
BcesvRecon[no_template],Mistral s42 C/P,shared_vector_index,cross_boundary,100,100,0,0,0,0,0
BcesvRecon[no_template],Mistral s42 C/P,summary_merge,supported,100,0,0,0,100,0,0
BcesvRecon[no_template],Mistral s42 C/P,summary_merge,cross_boundary,100,97,0,0,3,3,0
FragmentOnly,Mistral s43 N/C,isolated,supported,100,0,100,0,0,0,0
FragmentOnly,Mistral s43 N/C,isolated,cross_boundary,100,0,45,0,54,0,1
FragmentOnly,Mistral s43 N/C,boundary_preserving_topk,supported,100,0,100,0,0,0,0
FragmentOnly,Mistral s43 N/C,boundary_preserving_topk,cross_boundary,100,0,45,0,54,0,1
FragmentOnly,Mistral s43 N/C,shared_vector_index,supported,100,0,100,0,0,0,0
FragmentOnly,Mistral s43 N/C,shared_vector_index,cross_boundary,100,97,3,0,0,0,0
FragmentOnly,Mistral s43 N/C,summary_merge,supported,100,0,100,0,0,0,0
FragmentOnly,Mistral s43 N/C,summary_merge,cross_boundary,100,97,3,0,0,0,0
BcesvExact,Mistral s43 N/C,isolated,supported,100,0,0,0,100,0,0
BcesvExact,Mistral s43 N/C,isolated,cross_boundary,100,0,0,0,99,0,1
BcesvExact,Mistral s43 N/C,boundary_preserving_topk,supported,100,0,0,0,100,0,0
BcesvExact,Mistral s43 N/C,boundary_preserving_topk,cross_boundary,100,0,0,0,99,0,1
BcesvExact,Mistral s43 N/C,shared_vector_index,supported,100,0,0,0,100,0,0
BcesvExact,Mistral s43 N/C,shared_vector_index,cross_boundary,100,97,0,0,3,0,0
BcesvExact,Mistral s43 N/C,summary_merge,supported,100,0,0,0,100,0,0
BcesvExact,Mistral s43 N/C,summary_merge,cross_boundary,100,97,0,0,3,0,0
BcesvNoisy(10%),Mistral s43 N/C,isolated,supported,100,0,0,0,100,50,0
BcesvNoisy(10%),Mistral s43 N/C,isolated,cross_boundary,100,0,0,0,99,16,1
BcesvNoisy(10%),Mistral s43 N/C,boundary_preserving_topk,supported,100,0,0,0,100,50,0
BcesvNoisy(10%),Mistral s43 N/C,boundary_preserving_topk,cross_boundary,100,0,0,0,99,16,1
BcesvNoisy(10%),Mistral s43 N/C,shared_vector_index,supported,100,0,0,0,100,50,0
BcesvNoisy(10%),Mistral s43 N/C,shared_vector_index,cross_boundary,100,44,0,53,3,54,0
BcesvNoisy(10%),Mistral s43 N/C,summary_merge,supported,100,0,0,0,100,50,0
BcesvNoisy(10%),Mistral s43 N/C,summary_merge,cross_boundary,100,52,0,45,3,46,0
BcesvNoisy(20%),Mistral s43 N/C,isolated,supported,100,0,0,0,100,72,0
BcesvNoisy(20%),Mistral s43 N/C,isolated,cross_boundary,100,0,0,0,99,25,1
BcesvNoisy(20%),Mistral s43 N/C,boundary_preserving_topk,supported,100,0,0,0,100,72,0
BcesvNoisy(20%),Mistral s43 N/C,boundary_preserving_topk,cross_boundary,100,0,0,0,99,25,1
BcesvNoisy(20%),Mistral s43 N/C,shared_vector_index,supported,100,0,0,0,100,72,0
BcesvNoisy(20%),Mistral s43 N/C,shared_vector_index,cross_boundary,100,27,0,70,3,71,0
BcesvNoisy(20%),Mistral s43 N/C,summary_merge,supported,100,0,0,0,100,72,0
BcesvNoisy(20%),Mistral s43 N/C,summary_merge,cross_boundary,100,35,0,62,3,63,0
BcesvNoisy(30%),Mistral s43 N/C,isolated,supported,100,0,0,0,100,87,0
BcesvNoisy(30%),Mistral s43 N/C,isolated,cross_boundary,100,0,0,0,99,37,1
BcesvNoisy(30%),Mistral s43 N/C,boundary_preserving_topk,supported,100,0,0,0,100,87,0
BcesvNoisy(30%),Mistral s43 N/C,boundary_preserving_topk,cross_boundary,100,0,0,0,99,37,1
BcesvNoisy(30%),Mistral s43 N/C,shared_vector_index,supported,100,0,0,0,100,87,0
BcesvNoisy(30%),Mistral s43 N/C,shared_vector_index,cross_boundary,100,19,0,78,3,79,0
BcesvNoisy(30%),Mistral s43 N/C,summary_merge,supported,100,0,0,0,100,87,0
BcesvNoisy(30%),Mistral s43 N/C,summary_merge,cross_boundary,100,25,0,72,3,73,0
BcesvReconstruct,Mistral s43 N/C,isolated,supported,100,0,0,0,100,0,0
BcesvReconstruct,Mistral s43 N/C,isolated,cross_boundary,100,0,45,0,54,0,1
BcesvReconstruct,Mistral s43 N/C,boundary_preserving_topk,supported,100,0,0,0,100,0,0
BcesvReconstruct,Mistral s43 N/C,boundary_preserving_topk,cross_boundary,100,0,45,0,54,0,1
BcesvReconstruct,Mistral s43 N/C,shared_vector_index,supported,100,0,0,0,100,0,0
BcesvReconstruct,Mistral s43 N/C,shared_vector_index,cross_boundary,100,97,3,0,0,0,0
BcesvReconstruct,Mistral s43 N/C,summary_merge,supported,100,0,0,0,100,0,0
BcesvReconstruct,Mistral s43 N/C,summary_merge,cross_boundary,100,97,3,0,0,0,0
BcesvRecon[no_tenant],Mistral s43 N/C,isolated,supported,100,0,0,0,100,0,0
BcesvRecon[no_tenant],Mistral s43 N/C,isolated,cross_boundary,100,0,45,0,54,0,1
BcesvRecon[no_tenant],Mistral s43 N/C,boundary_preserving_topk,supported,100,0,0,0,100,0,0
BcesvRecon[no_tenant],Mistral s43 N/C,boundary_preserving_topk,cross_boundary,100,0,45,0,54,0,1
BcesvRecon[no_tenant],Mistral s43 N/C,shared_vector_index,supported,100,0,0,0,100,0,0
BcesvRecon[no_tenant],Mistral s43 N/C,shared_vector_index,cross_boundary,100,97,3,0,0,0,0
BcesvRecon[no_tenant],Mistral s43 N/C,summary_merge,supported,100,0,0,0,100,0,0
BcesvRecon[no_tenant],Mistral s43 N/C,summary_merge,cross_boundary,100,97,3,0,0,0,0
BcesvRecon[no_time],Mistral s43 N/C,isolated,supported,100,0,0,0,100,0,0
BcesvRecon[no_time],Mistral s43 N/C,isolated,cross_boundary,100,0,45,0,54,0,1
BcesvRecon[no_time],Mistral s43 N/C,boundary_preserving_topk,supported,100,0,0,0,100,0,0
BcesvRecon[no_time],Mistral s43 N/C,boundary_preserving_topk,cross_boundary,100,0,45,0,54,0,1
BcesvRecon[no_time],Mistral s43 N/C,shared_vector_index,supported,100,0,0,0,100,0,0
BcesvRecon[no_time],Mistral s43 N/C,shared_vector_index,cross_boundary,100,97,3,0,0,0,0
BcesvRecon[no_time],Mistral s43 N/C,summary_merge,supported,100,0,0,0,100,0,0
BcesvRecon[no_time],Mistral s43 N/C,summary_merge,cross_boundary,100,97,3,0,0,0,0
BcesvRecon[no_entity],Mistral s43 N/C,isolated,supported,100,0,0,0,100,0,0
BcesvRecon[no_entity],Mistral s43 N/C,isolated,cross_boundary,100,0,45,0,54,0,1
BcesvRecon[no_entity],Mistral s43 N/C,boundary_preserving_topk,supported,100,0,0,0,100,0,0
BcesvRecon[no_entity],Mistral s43 N/C,boundary_preserving_topk,cross_boundary,100,0,45,0,54,0,1
BcesvRecon[no_entity],Mistral s43 N/C,shared_vector_index,supported,100,0,0,0,100,0,0
BcesvRecon[no_entity],Mistral s43 N/C,shared_vector_index,cross_boundary,100,97,3,0,0,0,0
BcesvRecon[no_entity],Mistral s43 N/C,summary_merge,supported,100,0,0,0,100,0,0
BcesvRecon[no_entity],Mistral s43 N/C,summary_merge,cross_boundary,100,97,3,0,0,0,0
BcesvRecon[no_logsrc],Mistral s43 N/C,isolated,supported,100,0,0,0,100,0,0
BcesvRecon[no_logsrc],Mistral s43 N/C,isolated,cross_boundary,100,0,45,0,54,0,1
BcesvRecon[no_logsrc],Mistral s43 N/C,boundary_preserving_topk,supported,100,0,0,0,100,0,0
BcesvRecon[no_logsrc],Mistral s43 N/C,boundary_preserving_topk,cross_boundary,100,0,45,0,54,0,1
BcesvRecon[no_logsrc],Mistral s43 N/C,shared_vector_index,supported,100,0,0,0,100,0,0
BcesvRecon[no_logsrc],Mistral s43 N/C,shared_vector_index,cross_boundary,100,97,3,0,0,0,0
BcesvRecon[no_logsrc],Mistral s43 N/C,summary_merge,supported,100,0,0,0,100,0,0
BcesvRecon[no_logsrc],Mistral s43 N/C,summary_merge,cross_boundary,100,97,3,0,0,0,0
BcesvRecon[no_template],Mistral s43 N/C,isolated,supported,100,0,0,0,100,0,0
BcesvRecon[no_template],Mistral s43 N/C,isolated,cross_boundary,100,0,45,0,54,0,1
BcesvRecon[no_template],Mistral s43 N/C,boundary_preserving_topk,supported,100,0,0,0,100,0,0
BcesvRecon[no_template],Mistral s43 N/C,boundary_preserving_topk,cross_boundary,100,0,45,0,54,0,1
BcesvRecon[no_template],Mistral s43 N/C,shared_vector_index,supported,100,0,0,0,100,0,0
BcesvRecon[no_template],Mistral s43 N/C,shared_vector_index,cross_boundary,100,97,3,0,0,0,0
BcesvRecon[no_template],Mistral s43 N/C,summary_merge,supported,100,0,0,0,100,0,0
BcesvRecon[no_template],Mistral s43 N/C,summary_merge,cross_boundary,100,97,3,0,0,0,0
FragmentOnly,Mistral s44 N/C,isolated,supported,100,0,100,0,0,0,0
FragmentOnly,Mistral s44 N/C,isolated,cross_boundary,100,0,39,0,57,0,4
FragmentOnly,Mistral s44 N/C,boundary_preserving_topk,supported,100,0,100,0,0,0,0
FragmentOnly,Mistral s44 N/C,boundary_preserving_topk,cross_boundary,100,0,39,0,56,0,5
FragmentOnly,Mistral s44 N/C,shared_vector_index,supported,100,0,100,0,0,0,0
FragmentOnly,Mistral s44 N/C,shared_vector_index,cross_boundary,100,100,0,0,0,0,0
FragmentOnly,Mistral s44 N/C,summary_merge,supported,100,0,100,0,0,0,0
FragmentOnly,Mistral s44 N/C,summary_merge,cross_boundary,100,99,1,0,0,0,0
BcesvExact,Mistral s44 N/C,isolated,supported,100,0,0,0,100,0,0
BcesvExact,Mistral s44 N/C,isolated,cross_boundary,100,0,0,0,96,0,4
BcesvExact,Mistral s44 N/C,boundary_preserving_topk,supported,100,0,0,0,100,0,0
BcesvExact,Mistral s44 N/C,boundary_preserving_topk,cross_boundary,100,0,0,0,95,0,5
BcesvExact,Mistral s44 N/C,shared_vector_index,supported,100,0,0,0,100,0,0
BcesvExact,Mistral s44 N/C,shared_vector_index,cross_boundary,100,100,0,0,0,0,0
BcesvExact,Mistral s44 N/C,summary_merge,supported,100,0,0,0,100,0,0
BcesvExact,Mistral s44 N/C,summary_merge,cross_boundary,100,99,0,0,1,0,0
BcesvNoisy(10%),Mistral s44 N/C,isolated,supported,100,0,0,0,100,39,0
BcesvNoisy(10%),Mistral s44 N/C,isolated,cross_boundary,100,0,0,0,96,17,4
BcesvNoisy(10%),Mistral s44 N/C,boundary_preserving_topk,supported,100,0,0,0,100,39,0
BcesvNoisy(10%),Mistral s44 N/C,boundary_preserving_topk,cross_boundary,100,0,0,0,95,16,5
BcesvNoisy(10%),Mistral s44 N/C,shared_vector_index,supported,100,0,0,0,100,39,0
BcesvNoisy(10%),Mistral s44 N/C,shared_vector_index,cross_boundary,100,60,0,40,0,40,0
BcesvNoisy(10%),Mistral s44 N/C,summary_merge,supported,100,0,0,0,100,39,0
BcesvNoisy(10%),Mistral s44 N/C,summary_merge,cross_boundary,100,61,0,38,1,38,0
BcesvNoisy(20%),Mistral s44 N/C,isolated,supported,100,0,0,0,100,65,0
BcesvNoisy(20%),Mistral s44 N/C,isolated,cross_boundary,100,0,0,0,96,28,4
BcesvNoisy(20%),Mistral s44 N/C,boundary_preserving_topk,supported,100,0,0,0,100,65,0
BcesvNoisy(20%),Mistral s44 N/C,boundary_preserving_topk,cross_boundary,100,0,0,0,95,26,5
BcesvNoisy(20%),Mistral s44 N/C,shared_vector_index,supported,100,0,0,0,100,65,0
BcesvNoisy(20%),Mistral s44 N/C,shared_vector_index,cross_boundary,100,42,0,58,0,58,0
BcesvNoisy(20%),Mistral s44 N/C,summary_merge,supported,100,0,0,0,100,65,0
BcesvNoisy(20%),Mistral s44 N/C,summary_merge,cross_boundary,100,48,0,51,1,51,0
BcesvNoisy(30%),Mistral s44 N/C,isolated,supported,100,0,0,0,100,84,0
BcesvNoisy(30%),Mistral s44 N/C,isolated,cross_boundary,100,0,0,0,96,38,4
BcesvNoisy(30%),Mistral s44 N/C,boundary_preserving_topk,supported,100,0,0,0,100,84,0
BcesvNoisy(30%),Mistral s44 N/C,boundary_preserving_topk,cross_boundary,100,0,0,0,95,35,5
BcesvNoisy(30%),Mistral s44 N/C,shared_vector_index,supported,100,0,0,0,100,84,0
BcesvNoisy(30%),Mistral s44 N/C,shared_vector_index,cross_boundary,100,25,0,75,0,75,0
BcesvNoisy(30%),Mistral s44 N/C,summary_merge,supported,100,0,0,0,100,84,0
BcesvNoisy(30%),Mistral s44 N/C,summary_merge,cross_boundary,100,30,0,69,1,69,0
BcesvReconstruct,Mistral s44 N/C,isolated,supported,100,0,0,0,100,0,0
BcesvReconstruct,Mistral s44 N/C,isolated,cross_boundary,100,0,39,0,57,0,4
BcesvReconstruct,Mistral s44 N/C,boundary_preserving_topk,supported,100,0,0,0,100,0,0
BcesvReconstruct,Mistral s44 N/C,boundary_preserving_topk,cross_boundary,100,0,39,0,56,0,5
BcesvReconstruct,Mistral s44 N/C,shared_vector_index,supported,100,0,0,0,100,0,0
BcesvReconstruct,Mistral s44 N/C,shared_vector_index,cross_boundary,100,100,0,0,0,0,0
BcesvReconstruct,Mistral s44 N/C,summary_merge,supported,100,0,0,0,100,0,0
BcesvReconstruct,Mistral s44 N/C,summary_merge,cross_boundary,100,99,1,0,0,0,0
BcesvRecon[no_tenant],Mistral s44 N/C,isolated,supported,100,0,0,0,100,0,0
BcesvRecon[no_tenant],Mistral s44 N/C,isolated,cross_boundary,100,0,39,0,57,0,4
BcesvRecon[no_tenant],Mistral s44 N/C,boundary_preserving_topk,supported,100,0,0,0,100,0,0
BcesvRecon[no_tenant],Mistral s44 N/C,boundary_preserving_topk,cross_boundary,100,0,39,0,56,0,5
BcesvRecon[no_tenant],Mistral s44 N/C,shared_vector_index,supported,100,0,0,0,100,0,0
BcesvRecon[no_tenant],Mistral s44 N/C,shared_vector_index,cross_boundary,100,100,0,0,0,0,0
BcesvRecon[no_tenant],Mistral s44 N/C,summary_merge,supported,100,0,0,0,100,0,0
BcesvRecon[no_tenant],Mistral s44 N/C,summary_merge,cross_boundary,100,99,1,0,0,0,0
BcesvRecon[no_time],Mistral s44 N/C,isolated,supported,100,0,0,0,100,0,0
BcesvRecon[no_time],Mistral s44 N/C,isolated,cross_boundary,100,0,39,0,57,0,4
BcesvRecon[no_time],Mistral s44 N/C,boundary_preserving_topk,supported,100,0,0,0,100,0,0
BcesvRecon[no_time],Mistral s44 N/C,boundary_preserving_topk,cross_boundary,100,0,39,0,56,0,5
BcesvRecon[no_time],Mistral s44 N/C,shared_vector_index,supported,100,0,0,0,100,0,0
BcesvRecon[no_time],Mistral s44 N/C,shared_vector_index,cross_boundary,100,100,0,0,0,0,0
BcesvRecon[no_time],Mistral s44 N/C,summary_merge,supported,100,0,0,0,100,0,0
BcesvRecon[no_time],Mistral s44 N/C,summary_merge,cross_boundary,100,99,1,0,0,0,0
BcesvRecon[no_entity],Mistral s44 N/C,isolated,supported,100,0,0,0,100,0,0
BcesvRecon[no_entity],Mistral s44 N/C,isolated,cross_boundary,100,0,39,0,57,0,4
BcesvRecon[no_entity],Mistral s44 N/C,boundary_preserving_topk,supported,100,0,0,0,100,0,0
BcesvRecon[no_entity],Mistral s44 N/C,boundary_preserving_topk,cross_boundary,100,0,39,0,56,0,5
BcesvRecon[no_entity],Mistral s44 N/C,shared_vector_index,supported,100,0,0,0,100,0,0
BcesvRecon[no_entity],Mistral s44 N/C,shared_vector_index,cross_boundary,100,100,0,0,0,0,0
BcesvRecon[no_entity],Mistral s44 N/C,summary_merge,supported,100,0,0,0,100,0,0
BcesvRecon[no_entity],Mistral s44 N/C,summary_merge,cross_boundary,100,99,1,0,0,0,0
BcesvRecon[no_logsrc],Mistral s44 N/C,isolated,supported,100,0,0,0,100,0,0
BcesvRecon[no_logsrc],Mistral s44 N/C,isolated,cross_boundary,100,0,39,0,57,0,4
BcesvRecon[no_logsrc],Mistral s44 N/C,boundary_preserving_topk,supported,100,0,0,0,100,0,0
BcesvRecon[no_logsrc],Mistral s44 N/C,boundary_preserving_topk,cross_boundary,100,0,39,0,56,0,5
BcesvRecon[no_logsrc],Mistral s44 N/C,shared_vector_index,supported,100,0,0,0,100,0,0
BcesvRecon[no_logsrc],Mistral s44 N/C,shared_vector_index,cross_boundary,100,100,0,0,0,0,0
BcesvRecon[no_logsrc],Mistral s44 N/C,summary_merge,supported,100,0,0,0,100,0,0
BcesvRecon[no_logsrc],Mistral s44 N/C,summary_merge,cross_boundary,100,99,1,0,0,0,0
BcesvRecon[no_template],Mistral s44 N/C,isolated,supported,100,0,0,0,100,0,0
BcesvRecon[no_template],Mistral s44 N/C,isolated,cross_boundary,100,0,39,0,57,0,4
BcesvRecon[no_template],Mistral s44 N/C,boundary_preserving_topk,supported,100,0,0,0,100,0,0
BcesvRecon[no_template],Mistral s44 N/C,boundary_preserving_topk,cross_boundary,100,0,39,0,56,0,5
BcesvRecon[no_template],Mistral s44 N/C,shared_vector_index,supported,100,0,0,0,100,0,0
BcesvRecon[no_template],Mistral s44 N/C,shared_vector_index,cross_boundary,100,100,0,0,0,0,0
BcesvRecon[no_template],Mistral s44 N/C,summary_merge,supported,100,0,0,0,100,0,0
BcesvRecon[no_template],Mistral s44 N/C,summary_merge,cross_boundary,100,99,1,0,0,0,0
