variant,rung,probe_type,tp,fp,fn,tn,abstain,n_minus_parse,recall,recall_lo,recall_hi,precision,precision_lo,precision_hi,abstain_rate,abstain_lo,abstain_hi
FragmentOnly,isolated,cross_boundary,0,302,0,854,6,1156,0,0,1,0.0,0.0,0.012560294590230984,0.005190311418685121,0.002380872366830762,0.011277424377278755
FragmentOnly,isolated,supported,0,1200,0,0,0,1200,0,0,1,0.0,0.0,0.0031910006027347487,0.0,0.0,0.0031910006027347487
FragmentOnly,boundary_preserving_topk,cross_boundary,0,302,0,856,6,1158,0,0,1,0.0,0.0,0.012560294590230984,0.0051813471502590676,0.002376756686289285,0.011258028593944647
FragmentOnly,boundary_preserving_topk,supported,0,1200,0,0,0,1200,0,0,1,0.0,0.0,0.0031910006027347487,0.0,0.0,0.0031910006027347487
FragmentOnly,shared_vector_index,cross_boundary,1194,3,0,3,3,1200,1.0,0.9967930156429249,0.9999999999999999,0.9974937343358395,0.9926572456870139,0.999147285420399,0.0025,0.0008505818993887943,0.0073244637003322816
FragmentOnly,shared_vector_index,supported,0,1200,0,0,0,1200,0,0,1,0.0,0.0,0.0031910006027347487,0.0,0.0,0.0031910006027347487
FragmentOnly,summary_merge,cross_boundary,1184,7,0,9,7,1200,1.0,0.9967660172221068,1.0,0.9941225860621327,0.9879178227043048,0.9971501051877325,0.005833333333333334,0.0028284995479427,0.011991939381093476
FragmentOnly,summary_merge,supported,0,1200,0,0,0,1200,0,0,1,0.0,0.0,0.0031910006027347487,0.0,0.0,0.0031910006027347487
BcesvExact,isolated,cross_boundary,0,0,0,1156,6,1156,0,0,1,0,0,1,0.005190311418685121,0.002380872366830762,0.011277424377278755
BcesvExact,isolated,supported,0,0,0,1200,0,1200,0,0,1,0,0,1,0.0,0.0,0.0031910006027347487
BcesvExact,boundary_preserving_topk,cross_boundary,0,0,0,1158,6,1158,0,0,1,0,0,1,0.0051813471502590676,0.002376756686289285,0.011258028593944647
BcesvExact,boundary_preserving_topk,supported,0,0,0,1200,0,1200,0,0,1,0,0,1,0.0,0.0,0.0031910006027347487
BcesvExact,shared_vector_index,cross_boundary,1194,0,0,6,3,1200,1.0,0.9967930156429249,0.9999999999999999,1.0,0.9967930156429249,0.9999999999999999,0.0025,0.0008505818993887943,0.0073244637003322816
BcesvExact,shared_vector_index,supported,0,0,0,1200,0,1200,0,0,1,0,0,1,0.0,0.0,0.0031910006027347487
BcesvExact,summary_merge,cross_boundary,1184,0,0,16,7,1200,1.0,0.9967660172221068,1.0,1.0,0.9967660172221068,1.0,0.005833333333333334,0.0028284995479427,0.011991939381093476
BcesvExact,summary_merge,supported,0,0,0,1200,0,1200,0,0,1,0,0,1,0.0,0.0,0.0031910006027347487
BcesvNoisy(10%),isolated,cross_boundary,0,0,0,1156,128,1156,0,0,1,0,0,1,0.11072664359861592,0.09391102360290612,0.13012085320627095
BcesvNoisy(10%),isolated,supported,0,0,0,1200,504,1200,0,0,1,0,0,1,0.42,0.39237351334075915,0.4481370467556784
BcesvNoisy(10%),boundary_preserving_topk,cross_boundary,0,0,0,1158,127,1158,0,0,1,0,0,1,0.10967184801381692,0.09294822388357335,0.12897659801287645
BcesvNoisy(10%),boundary_preserving_topk,supported,0,0,0,1200,504,1200,0,0,1,0,0,1,0.42,0.39237351334075915,0.4481370467556784
BcesvNoisy(10%),shared_vector_index,cross_boundary,846,0,348,6,352,1200,0.7085427135678392,0.6821305440988874,0.7336172965964027,1.0,0.9954797935769988,0.9999999999999998,0.29333333333333333,0.26826550855324477,0.31972010502921894
BcesvNoisy(10%),shared_vector_index,supported,0,0,0,1200,504,1200,0,0,1,0,0,1,0.42,0.39237351334075915,0.4481370467556784
BcesvNoisy(10%),summary_merge,cross_boundary,882,0,302,16,311,1200,0.7449324324324325,0.7193389064861919,0.768941743842205,1.0,0.9956634917202815,1.0,0.25916666666666666,0.23517106916587413,0.28469926279110974
BcesvNoisy(10%),summary_merge,supported,0,0,0,1200,504,1200,0,0,1,0,0,1,0.42,0.39237351334075915,0.4481370467556784
BcesvNoisy(20%),isolated,cross_boundary,0,0,0,1156,216,1156,0,0,1,0,0,1,0.18685121107266436,0.16543170331512008,0.21034505091804018
BcesvNoisy(20%),isolated,supported,0,0,0,1200,826,1200,0,0,1,0,0,1,0.6883333333333334,0.6615612267064666,0.7139034963998367
BcesvNoisy(20%),boundary_preserving_topk,cross_boundary,0,0,0,1158,214,1158,0,0,1,0,0,1,0.1848013816925734,0.16350103051887732,0.20818604910989297
BcesvNoisy(20%),boundary_preserving_topk,supported,0,0,0,1200,826,1200,0,0,1,0,0,1,0.6883333333333334,0.6615612267064666,0.7139034963998367
BcesvNoisy(20%),shared_vector_index,cross_boundary,509,0,685,6,689,1200,0.42629815745393634,0.39852770215812383,0.4545413340620146,1.0,0.9925094612484575,0.9999999999999998,0.5741666666666667,0.545996983727564,0.6018630178496971
BcesvNoisy(20%),shared_vector_index,supported,0,0,0,1200,826,1200,0,0,1,0,0,1,0.6883333333333334,0.6615612267064666,0.7139034963998367
BcesvNoisy(20%),summary_merge,cross_boundary,559,0,625,16,634,1200,0.4721283783783784,0.44382852400500017,0.5006085054403892,1.0,0.9931748829790491,0.9999999999999999,0.5283333333333333,0.5000436900894297,0.5564421532097487
BcesvNoisy(20%),summary_merge,supported,0,0,0,1200,825,1200,0,0,1,0,0,1,0.6875,0.660711526758868,0.7130918480151064
BcesvNoisy(30%),isolated,cross_boundary,0,0,0,1156,359,1156,0,0,1,0,0,1,0.31055363321799306,0.2845439342950422,0.33781824575209063
BcesvNoisy(30%),isolated,supported,0,0,0,1200,990,1200,0,0,1,0,0,1,0.825,0.8024739453732085,0.8454519042350138
BcesvNoisy(30%),boundary_preserving_topk,cross_boundary,0,0,0,1158,356,1158,0,0,1,0,0,1,0.307426597582038,0.28152316811001643,0.33460345862208163
BcesvNoisy(30%),boundary_preserving_topk,supported,0,0,0,1200,990,1200,0,0,1,0,0,1,0.825,0.8024739453732085,0.8454519042350138
BcesvNoisy(30%),shared_vector_index,cross_boundary,227,0,967,6,971,1200,0.19011725293132328,0.16886749011522895,0.213354593992171,1.0,0.9833588869160726,0.9999999999999999,0.8091666666666667,0.7859604229545267,0.830399808339449
BcesvNoisy(30%),shared_vector_index,supported,0,0,0,1200,990,1200,0,0,1,0,0,1,0.825,0.8024739453732085,0.8454519042350138
BcesvNoisy(30%),summary_merge,cross_boundary,276,0,908,16,917,1200,0.23310810810810811,0.20991130799078875,0.258031155789303,1.0,0.9862727315785068,1.0,0.7641666666666667,0.7393282975543305,0.7873191237938912
BcesvNoisy(30%),summary_merge,supported,0,0,0,1200,989,1200,0,0,1,0,0,1,0.8241666666666667,0.8016032708379778,0.8446612304379159
BcesvReconstruct,isolated,cross_boundary,0,302,0,854,6,1156,0,0,1,0.0,0.0,0.012560294590230984,0.005190311418685121,0.002380872366830762,0.011277424377278755
BcesvReconstruct,isolated,supported,0,0,0,1200,0,1200,0,0,1,0,0,1,0.0,0.0,0.0031910006027347487
BcesvReconstruct,boundary_preserving_topk,cross_boundary,0,302,0,856,6,1158,0,0,1,0.0,0.0,0.012560294590230984,0.0051813471502590676,0.002376756686289285,0.011258028593944647
BcesvReconstruct,boundary_preserving_topk,supported,0,0,0,1200,0,1200,0,0,1,0,0,1,0.0,0.0,0.0031910006027347487
BcesvReconstruct,shared_vector_index,cross_boundary,1194,3,0,3,3,1200,1.0,0.9967930156429249,0.9999999999999999,0.9974937343358395,0.9926572456870139,0.999147285420399,0.0025,0.0008505818993887943,0.0073244637003322816
BcesvReconstruct,shared_vector_index,supported,0,0,0,1200,0,1200,0,0,1,0,0,1,0.0,0.0,0.0031910006027347487
BcesvReconstruct,summary_merge,cross_boundary,1184,7,0,9,7,1200,1.0,0.9967660172221068,1.0,0.9941225860621327,0.9879178227043048,0.9971501051877325,0.005833333333333334,0.0028284995479427,0.011991939381093476
BcesvReconstruct,summary_merge,supported,0,0,0,1200,0,1200,0,0,1,0,0,1,0.0,0.0,0.0031910006027347487
BcesvRecon[no_tenant],isolated,cross_boundary,0,302,0,854,6,1156,0,0,1,0.0,0.0,0.012560294590230984,0.005190311418685121,0.002380872366830762,0.011277424377278755
BcesvRecon[no_tenant],isolated,supported,0,0,0,1200,0,1200,0,0,1,0,0,1,0.0,0.0,0.0031910006027347487
BcesvRecon[no_tenant],boundary_preserving_topk,cross_boundary,0,302,0,856,6,1158,0,0,1,0.0,0.0,0.012560294590230984,0.0051813471502590676,0.002376756686289285,0.011258028593944647
BcesvRecon[no_tenant],boundary_preserving_topk,supported,0,0,0,1200,0,1200,0,0,1,0,0,1,0.0,0.0,0.0031910006027347487
BcesvRecon[no_tenant],shared_vector_index,cross_boundary,1194,3,0,3,3,1200,1.0,0.9967930156429249,0.9999999999999999,0.9974937343358395,0.9926572456870139,0.999147285420399,0.0025,0.0008505818993887943,0.0073244637003322816
BcesvRecon[no_tenant],shared_vector_index,supported,0,0,0,1200,0,1200,0,0,1,0,0,1,0.0,0.0,0.0031910006027347487
BcesvRecon[no_tenant],summary_merge,cross_boundary,1184,7,0,9,7,1200,1.0,0.9967660172221068,1.0,0.9941225860621327,0.9879178227043048,0.9971501051877325,0.005833333333333334,0.0028284995479427,0.011991939381093476
BcesvRecon[no_tenant],summary_merge,supported,0,0,0,1200,0,1200,0,0,1,0,0,1,0.0,0.0,0.0031910006027347487
BcesvRecon[no_time],isolated,cross_boundary,0,302,0,854,6,1156,0,0,1,0.0,0.0,0.012560294590230984,0.005190311418685121,0.002380872366830762,0.011277424377278755
BcesvRecon[no_time],isolated,supported,0,0,0,1200,0,1200,0,0,1,0,0,1,0.0,0.0,0.0031910006027347487
BcesvRecon[no_time],boundary_preserving_topk,cross_boundary,0,302,0,856,6,1158,0,0,1,0.0,0.0,0.012560294590230984,0.0051813471502590676,0.002376756686289285,0.011258028593944647
BcesvRecon[no_time],boundary_preserving_topk,supported,0,0,0,1200,0,1200,0,0,1,0,0,1,0.0,0.0,0.0031910006027347487
BcesvRecon[no_time],shared_vector_index,cross_boundary,1194,3,0,3,3,1200,1.0,0.9967930156429249,0.9999999999999999,0.9974937343358395,0.9926572456870139,0.999147285420399,0.0025,0.0008505818993887943,0.0073244637003322816
BcesvRecon[no_time],shared_vector_index,supported,0,0,0,1200,0,1200,0,0,1,0,0,1,0.0,0.0,0.0031910006027347487
BcesvRecon[no_time],summary_merge,cross_boundary,1184,7,0,9,7,1200,1.0,0.9967660172221068,1.0,0.9941225860621327,0.9879178227043048,0.9971501051877325,0.005833333333333334,0.0028284995479427,0.011991939381093476
BcesvRecon[no_time],summary_merge,supported,0,0,0,1200,0,1200,0,0,1,0,0,1,0.0,0.0,0.0031910006027347487
BcesvRecon[no_entity],isolated,cross_boundary,0,302,0,854,6,1156,0,0,1,0.0,0.0,0.012560294590230984,0.005190311418685121,0.002380872366830762,0.011277424377278755
BcesvRecon[no_entity],isolated,supported,0,0,0,1200,0,1200,0,0,1,0,0,1,0.0,0.0,0.0031910006027347487
BcesvRecon[no_entity],boundary_preserving_topk,cross_boundary,0,302,0,856,6,1158,0,0,1,0.0,0.0,0.012560294590230984,0.0051813471502590676,0.002376756686289285,0.011258028593944647
BcesvRecon[no_entity],boundary_preserving_topk,supported,0,0,0,1200,0,1200,0,0,1,0,0,1,0.0,0.0,0.0031910006027347487
BcesvRecon[no_entity],shared_vector_index,cross_boundary,1194,3,0,3,3,1200,1.0,0.9967930156429249,0.9999999999999999,0.9974937343358395,0.9926572456870139,0.999147285420399,0.0025,0.0008505818993887943,0.0073244637003322816
BcesvRecon[no_entity],shared_vector_index,supported,0,0,0,1200,0,1200,0,0,1,0,0,1,0.0,0.0,0.0031910006027347487
BcesvRecon[no_entity],summary_merge,cross_boundary,1184,7,0,9,7,1200,1.0,0.9967660172221068,1.0,0.9941225860621327,0.9879178227043048,0.9971501051877325,0.005833333333333334,0.0028284995479427,0.011991939381093476
BcesvRecon[no_entity],summary_merge,supported,0,0,0,1200,0,1200,0,0,1,0,0,1,0.0,0.0,0.0031910006027347487
BcesvRecon[no_logsrc],isolated,cross_boundary,0,302,0,854,6,1156,0,0,1,0.0,0.0,0.012560294590230984,0.005190311418685121,0.002380872366830762,0.011277424377278755
BcesvRecon[no_logsrc],isolated,supported,0,0,0,1200,0,1200,0,0,1,0,0,1,0.0,0.0,0.0031910006027347487
BcesvRecon[no_logsrc],boundary_preserving_topk,cross_boundary,0,302,0,856,6,1158,0,0,1,0.0,0.0,0.012560294590230984,0.0051813471502590676,0.002376756686289285,0.011258028593944647
BcesvRecon[no_logsrc],boundary_preserving_topk,supported,0,0,0,1200,0,1200,0,0,1,0,0,1,0.0,0.0,0.0031910006027347487
BcesvRecon[no_logsrc],shared_vector_index,cross_boundary,1194,3,0,3,3,1200,1.0,0.9967930156429249,0.9999999999999999,0.9974937343358395,0.9926572456870139,0.999147285420399,0.0025,0.0008505818993887943,0.0073244637003322816
BcesvRecon[no_logsrc],shared_vector_index,supported,0,0,0,1200,0,1200,0,0,1,0,0,1,0.0,0.0,0.0031910006027347487
BcesvRecon[no_logsrc],summary_merge,cross_boundary,1184,7,0,9,7,1200,1.0,0.9967660172221068,1.0,0.9941225860621327,0.9879178227043048,0.9971501051877325,0.005833333333333334,0.0028284995479427,0.011991939381093476
BcesvRecon[no_logsrc],summary_merge,supported,0,0,0,1200,0,1200,0,0,1,0,0,1,0.0,0.0,0.0031910006027347487
BcesvRecon[no_template],isolated,cross_boundary,0,302,0,854,6,1156,0,0,1,0.0,0.0,0.012560294590230984,0.005190311418685121,0.002380872366830762,0.011277424377278755
BcesvRecon[no_template],isolated,supported,0,0,0,1200,0,1200,0,0,1,0,0,1,0.0,0.0,0.0031910006027347487
BcesvRecon[no_template],boundary_preserving_topk,cross_boundary,0,302,0,856,6,1158,0,0,1,0.0,0.0,0.012560294590230984,0.0051813471502590676,0.002376756686289285,0.011258028593944647
BcesvRecon[no_template],boundary_preserving_topk,supported,0,0,0,1200,0,1200,0,0,1,0,0,1,0.0,0.0,0.0031910006027347487
BcesvRecon[no_template],shared_vector_index,cross_boundary,1194,3,0,3,3,1200,1.0,0.9967930156429249,0.9999999999999999,0.9974937343358395,0.9926572456870139,0.999147285420399,0.0025,0.0008505818993887943,0.0073244637003322816
BcesvRecon[no_template],shared_vector_index,supported,0,0,0,1200,0,1200,0,0,1,0,0,1,0.0,0.0,0.0031910006027347487
BcesvRecon[no_template],summary_merge,cross_boundary,1184,7,0,9,7,1200,1.0,0.9967660172221068,1.0,0.9941225860621327,0.9879178227043048,0.9971501051877325,0.005833333333333334,0.0028284995479427,0.011991939381093476
BcesvRecon[no_template],summary_merge,supported,0,0,0,1200,0,1200,0,0,1,0,0,1,0.0,0.0,0.0031910006027347487
